period_end,rank,category,value_usd,sector,section_seq,source_section_label
2026-02-28,1,Miscellaneous Food Commodities,171799149.0,unspecified,1,According to Goods or Services
2026-02-28,2,Production and Operation Supplies,47884352.0,unspecified,1,According to Goods or Services
2026-02-28,3,Feeds,44553768.0,unspecified,1,According to Goods or Services
2026-02-28,4,Essential Commodity Production Requirements,23282986.0,unspecified,1,According to Goods or Services
2026-02-28,5,Airlines Transfers,22008501.0,unspecified,1,According to Goods or Services
2026-02-28,6,Live and frozen meat,21286028.0,unspecified,1,According to Goods or Services
2026-02-28,7,"Transportation, tires, batteries and spare parts",20103633.0,unspecified,1,According to Goods or Services
2026-02-28,8,Human Medicines,19312140.0,unspecified,1,According to Goods or Services
2026-02-28,9,Agricultural,17245575.0,unspecified,1,According to Goods or Services
2026-02-28,10,Machinery and Equipment,16833568.0,unspecified,1,According to Goods or Services
2026-02-28,11,Building Materials and Construction Supplies,14696278.0,unspecified,1,According to Goods or Services
2026-02-28,12,Burniq Air requests,6653256.0,unspecified,1,According to Goods or Services
2026-02-28,13,Household and Household Electrical,5161485.0,unspecified,1,According to Goods or Services
2026-02-28,15,Cleaning Materials,3582715.0,unspecified,1,According to Goods or Services
2026-02-28,14,"Milk, diapers and baby food",3456269.0,unspecified,1,According to Goods or Services
2026-02-28,16,Cheeses,3313833.0,unspecified,1,According to Goods or Services
2026-02-28,17,Milk,2977572.0,unspecified,1,According to Goods or Services
2026-02-28,18,Electronic Equipment,2173706.0,unspecified,1,According to Goods or Services
2026-02-28,19,Insurance Companies Transfers,2138203.0,unspecified,1,According to Goods or Services
2026-02-28,20,Fruits and Vegetables,2082562.0,unspecified,1,According to Goods or Services
2026-02-28,21,Furniture,1555100.0,unspecified,1,According to Goods or Services
2026-02-28,22,Clothing and Shoes,1067689.0,unspecified,1,According to Goods or Services
2026-02-28,23,Ghee,512500.0,unspecified,1,According to Goods or Services
2026-02-28,24,Hygienic materials,304157.0,unspecified,1,According to Goods or Services
2026-02-28,26,General Electricity Company Supplies,163626.0,unspecified,1,According to Goods or Services
2026-02-28,27,Veterinary Medicines,111110.0,unspecified,1,According to Goods or Services
2026-02-28,28,Stationery,39950.0,unspecified,1,According to Goods or Services
2026-04-30,1,"Miscellaneous food products, dairy products, and their derivatives",880408836.0,unspecified,1,According to Goods or Services
2026-04-30,2,"Raw materials, production and operational supplies, and production of basic products",772507965.0,unspecified,1,According to Goods or Services
2026-04-30,3,Building materials and construction supplies,298176824.0,unspecified,1,According to Goods or Services
2026-04-30,4,Feeds,289269721.0,unspecified,1,According to Goods or Services
2026-04-30,5,"Human medicines, medical equipment, and veterinary Medicines",235364077.0,unspecified,1,According to Goods or Services
2026-04-30,6,Machinery and equipment,213849882.0,unspecified,1,According to Goods or Services
2026-04-30,7,"Transportation, tires, batteries and spare parts",170612173.0,unspecified,1,According to Goods or Services
2026-04-30,8,"Agricultural materials, equipment, and fertilizers",152290101.0,unspecified,1,According to Goods or Services
2026-04-30,9,Airline and travel agency transfers,149060356.0,unspecified,1,According to Goods or Services
2026-04-30,10,"Electronic, household, and electrical appliances",138744915.0,unspecified,1,According to Goods or Services
2026-04-30,11,"Live and frozen meat, fish, and seafood",90322146.0,unspecified,1,According to Goods or Services
2026-04-30,12,Cleaning supplies,54838674.0,unspecified,1,According to Goods or Services
2026-04-30,13,"Milk, diapers, and baby food",35201399.0,unspecified,1,According to Goods or Services
2026-04-30,15,Clothing and footwear,29484893.0,unspecified,1,According to Goods or Services
2026-04-30,14,"Telecommunications, information technology, and maritime services",15434968.0,unspecified,1,According to Goods or Services
2026-04-30,16,Furniture,13495709.0,unspecified,1,According to Goods or Services
2026-04-30,17,Fruits and vegetables,10870064.0,unspecified,1,According to Goods or Services
2026-04-30,18,Gold import transfers,9984500.0,unspecified,1,According to Goods or Services
2026-04-30,19,Tobacco of all types and related products,8784328.0,unspecified,1,According to Goods or Services
2026-04-30,20,Stationery supplies,5835578.0,unspecified,1,According to Goods or Services
2026-04-30,21,Insurance company transfers,2174711.0,unspecified,1,According to Goods or Services
2026-07-31,1,Miscellaneous food products,2242386135.0,unspecified,1,According to Goods or Services
2026-07-31,2,Production and operating requirements,1601149884.0,unspecified,1,According to Goods or Services
2026-07-31,3,Building materials and construction supplies,922798852.0,unspecified,1,According to Goods or Services
2026-07-31,4,Human medicines,645883426.0,unspecified,1,According to Goods or Services
2026-07-31,5,Machinery and equipment,533353132.0,unspecified,1,According to Goods or Services
2026-07-31,6,"Transportation, tires, batteries and spare parts",524821126.0,unspecified,1,According to Goods or Services
2026-07-31,7,Feeds,470220698.0,unspecified,1,According to Goods or Services
2026-07-31,8,Electronic Equipment,433921694.0,unspecified,1,According to Goods or Services
2026-07-31,9,Agricultural,249853291.0,unspecified,1,According to Goods or Services
2026-07-31,10,Essential Commodity Production Requirements,241293947.0,unspecified,1,According to Goods or Services
2026-07-31,11,Live and frozen meat,235552601.0,unspecified,1,According to Goods or Services
2026-07-31,12,"Electronic, household, and electrical appliances",186120471.0,unspecified,1,According to Goods or Services
2026-07-31,13,Cleaning Materials,159308431.0,unspecified,1,According to Goods or Services
2026-07-31,15,Clothing and footwear,117772310.0,unspecified,1,According to Goods or Services
2026-07-31,14,"Milk, diapers, and baby food",97405528.0,unspecified,1,According to Goods or Services
2026-07-31,16,Airline company transfers,74014601.0,unspecified,1,According to Goods or Services
2026-07-31,17,Tourism services,69415000.0,unspecified,1,According to Goods or Services
2026-07-31,18,Agricultural,54856119.0,unspecified,1,According to Goods or Services
2026-07-31,19,Milk,51149403.0,unspecified,1,According to Goods or Services
2026-07-31,20,Miscellaneous,50726147.0,unspecified,1,According to Goods or Services
2026-07-31,21,Cheeses,47013309.0,unspecified,1,According to Goods or Services
2026-07-31,22,Cleaning supplies,46964699.0,unspecified,1,According to Goods or Services
2026-07-31,23,Various navigational services,44256720.0,unspecified,1,According to Goods or Services
2026-07-31,24,Stationery,42112508.0,unspecified,1,According to Goods or Services
2026-07-31,25,Furniture,34766591.0,unspecified,1,According to Goods or Services
2026-07-31,26,ICT Services,28932998.0,unspecified,1,According to Goods or Services
2026-07-31,27,Burniq Air requests,25102265.0,unspecified,1,According to Goods or Services
2026-07-31,28,Fruits and Vegetables,15600734.0,unspecified,1,According to Goods or Services
2026-07-31,29,Hygienic materials,13973761.0,unspecified,1,According to Goods or Services
2026-07-31,30,Tobacco of all kinds,12720070.0,unspecified,1,According to Goods or Services
2026-07-31,31,Fish and Marines,11934721.0,unspecified,1,According to Goods or Services
2026-07-31,32,Oya Airways Company,11901132.0,unspecified,1,According to Goods or Services
2026-07-31,33,Medical,10933641.0,unspecified,1,According to Goods or Services
2026-07-31,34,Veterinary Medicines,10589135.0,unspecified,1,According to Goods or Services
2026-07-31,35,Buraq Airlines Requests,9605481.0,unspecified,1,According to Goods or Services
2026-07-31,36,Carpets and Textiles,8372581.0,unspecified,1,According to Goods or Services
2026-07-31,37,Production and Operation Services,7276099.0,unspecified,1,According to Goods or Services
2026-07-31,38,Ghee,5878609.0,unspecified,1,According to Goods or Services
2026-07-31,39,Salary transfers,4659158.0,unspecified,1,According to Goods or Services
2026-07-31,40,Insurance Companies Transfers,3810026.0,unspecified,1,According to Goods or Services
2026-07-31,41,Butter,2445667.0,unspecified,1,According to Goods or Services
2026-07-31,42,General Electricity Company Supplies,1730321.0,unspecified,1,According to Goods or Services
2026-07-31,43,Other Goods,1157833.0,unspecified,1,According to Goods or Services
2026-07-31,44,Fabrics and Carpets,994435.0,unspecified,1,According to Goods or Services
2026-07-31,45,Goods related to public services,986990.0,unspecified,1,According to Goods or Services
2026-07-31,46,General Authority for Awqaf and Islamic Affairs,706158.0,unspecified,1,According to Goods or Services
2026-07-31,47,Iron and steel factory operating requirements,700000.0,unspecified,1,According to Goods or Services
2026-07-31,48,Libyan Airlines requests,445310.0,unspecified,1,According to Goods or Services
2026-07-31,49,Insurance Companies Requests,340560.0,unspecified,1,According to Goods or Services
2026-07-31,50,MedSky Airways Company requests,288516.0,unspecified,1,According to Goods or Services
2026-07-31,51,Libyan Express Transport Company,82882.0,unspecified,1,According to Goods or Services
2026-07-31,52,Ghadames Airways Company,64815.0,unspecified,1,According to Goods or Services
2025-06-30,1,Production and Operation Supplies,1812809598.0,private,1,According to Goods or Services - Private Sector
2025-06-30,2,Miscellaneous Food Commodities,1733050762.0,private,1,According to Goods or Services - Private Sector
2025-06-30,3,Building Materials and Construction Supplies,617972394.0,private,1,According to Goods or Services - Private Sector
2025-06-30,4,Machinery and Equipment,489034360.0,private,1,According to Goods or Services - Private Sector
2025-06-30,5,"Transportation, tires, batteries and spare parts",437812553.0,private,1,According to Goods or Services - Private Sector
2025-06-30,6,Feeds,365941124.0,private,1,According to Goods or Services - Private Sector
2025-06-30,7,Electronic Equipment,362984104.0,private,1,According to Goods or Services - Private Sector
2025-06-30,8,Human Medicines,263883522.0,private,1,According to Goods or Services - Private Sector
2025-06-30,9,Live and frozen meat,258068641.0,private,1,According to Goods or Services - Private Sector
2025-06-30,10,Agricultural,177501369.0,private,1,According to Goods or Services - Private Sector
2025-06-30,11,Essential Commodity Production Requirements,166841830.0,private,1,According to Goods or Services - Private Sector
2025-06-30,12,Household and Household Electrical,154002650.0,private,1,According to Goods or Services - Private Sector
2025-06-30,13,Cleaning Materials,86648650.0,private,1,According to Goods or Services - Private Sector
2025-06-30,14,"Milk, diapers and baby food",85018052.0,private,1,According to Goods or Services - Private Sector
2025-06-30,15,Airlines Transfers,64841035.0,private,1,According to Goods or Services - Private Sector
2025-06-30,16,Burniq Air requests,61497996.0,private,1,According to Goods or Services - Private Sector
2025-06-30,17,Milk,53505078.0,private,1,According to Goods or Services - Private Sector
2025-06-30,18,Cleaning Materials,51249467.0,private,1,According to Goods or Services - Private Sector
2025-06-30,19,ICT Services,48105609.0,private,1,According to Goods or Services - Private Sector
2025-06-30,20,Tobacco of all kinds,34769834.0,private,1,According to Goods or Services - Private Sector
2025-06-30,21,Iron and steel factory operating requirements,32190686.0,private,1,According to Goods or Services - Private Sector
2025-06-30,22,Clothing and Shoes,32127099.0,private,1,According to Goods or Services - Private Sector
2025-06-30,23,Furniture,30613186.0,private,1,According to Goods or Services - Private Sector
2025-06-30,24,Cheeses,30313919.0,private,1,According to Goods or Services - Private Sector
2025-06-30,25,Medical,28535158.0,private,1,According to Goods or Services - Private Sector
2025-06-30,26,Agricultural,28385622.0,private,1,According to Goods or Services - Private Sector
2025-06-30,27,Stationery,20645706.0,private,1,According to Goods or Services - Private Sector
2025-06-30,28,Miscellaneous,20201029.0,private,1,According to Goods or Services - Private Sector
2025-06-30,29,Hygienic materials,19580331.0,private,1,According to Goods or Services - Private Sector
2025-06-30,30,Various navigational services,16624953.0,private,1,According to Goods or Services - Private Sector
2025-06-30,31,Fruits and Vegetables,13184651.0,private,1,According to Goods or Services - Private Sector
2025-06-30,32,Butter,10381554.0,private,1,According to Goods or Services - Private Sector
2025-06-30,33,Importing a Gold Commodity,7969531.0,private,1,According to Goods or Services - Private Sector
2025-06-30,34,Veterinary Medicines,3917814.0,private,1,According to Goods or Services - Private Sector
2025-06-30,35,Carpets and Textiles,3837842.0,private,1,According to Goods or Services - Private Sector
2025-06-30,36,Ghee,3781339.0,private,1,According to Goods or Services - Private Sector
2025-06-30,37,Special requests for Libyan Wings Company,3690357.0,private,1,According to Goods or Services - Private Sector
2025-06-30,38,Fish and Marines,2453492.0,private,1,According to Goods or Services - Private Sector
2025-06-30,39,Insurance Companies Transfers,1933049.0,private,1,According to Goods or Services - Private Sector
2025-06-30,40,Other Goods,1334557.0,private,1,According to Goods or Services - Private Sector
2025-06-30,41,Libyan Air Transport Company,978996.0,private,1,According to Goods or Services - Private Sector
2025-06-30,42,MedSky Airways Company requests,664251.0,private,1,According to Goods or Services - Private Sector
2025-06-30,43,Oya Airways Company,647618.0,private,1,According to Goods or Services - Private Sector
2025-06-30,44,Training Courses Transfers,41135.0,private,1,According to Goods or Services - Private Sector
2025-06-30,45,Insurance Companies Requests,29600.0,private,1,According to Goods or Services - Private Sector
2025-06-30,46,Flight Tickets,23874.0,private,1,According to Goods or Services - Private Sector
2025-06-30,47,Ghadames Airways Company,21171.0,private,1,According to Goods or Services - Private Sector
2025-06-30,1,Human Medicines,188009583.0,public,1,According to Goods or Services - Public Sector
2025-06-30,2,Libyan Iron and Steel Company Requirements,101779847.0,public,1,According to Goods or Services - Public Sector
2025-06-30,3,Production and Operation Requirements,88096595.0,public,1,According to Goods or Services - Public Sector
2025-06-30,4,Housing Projects Authority Requests,77947042.0,public,1,According to Goods or Services - Public Sector
2025-06-30,5,Machinery and Equipment,77663725.0,public,1,According to Goods or Services - Public Sector
2025-06-30,6,Furniture,37500000.0,public,1,According to Goods or Services - Public Sector
2025-06-30,7,"Transportation, Tires, Supplies and Spare Parts",21732804.0,public,1,According to Goods or Services - Public Sector
2025-06-30,8,Aletihad Alarabee Contracting Company J.S.C,16095000.0,public,1,According to Goods or Services - Public Sector
2025-06-30,9,Communications and IT Services,15687067.0,public,1,According to Goods or Services - Public Sector
2025-06-30,10,Almadar Aljadid Company,14092428.0,public,1,According to Goods or Services - Public Sector
2025-06-30,11,Libya Development and Reconstruction Fund,9603350.0,public,1,According to Goods or Services - Public Sector
2025-06-30,12,Airline Transfers,8694578.0,public,1,According to Goods or Services - Public Sector
2025-06-30,13,Libyana Mobile Phone Company Requests,4941797.0,public,1,According to Goods or Services - Public Sector
2025-06-30,14,Al Ahlia Cement Company J.S.C,3303026.0,public,1,According to Goods or Services - Public Sector
2025-06-30,15,Feeds,3281519.0,public,1,According to Goods or Services - Public Sector
2025-06-30,16,Insurance Company Transfers,3260898.0,public,1,According to Goods or Services - Public Sector
2025-06-30,17,Housing Projects Authority Requests,2735717.0,public,1,According to Goods or Services - Public Sector
2025-06-30,18,Libya Telecom and Technology Company,2645739.0,public,1,According to Goods or Services - Public Sector
2025-06-30,19,Essential Commodity Production Requirements,1105340.0,public,1,According to Goods or Services - Public Sector
2025-06-30,20,Training Course Transfers,652978.0,public,1,According to Goods or Services - Public Sector
2025-06-30,21,Goods for Public Services,515040.0,public,1,According to Goods or Services - Public Sector
2025-06-30,22,Port Operating Requirements,432240.0,public,1,According to Goods or Services - Public Sector
2025-06-30,23,Libyan Ports Company,336959.0,public,1,According to Goods or Services - Public Sector
2025-06-30,24,Port Operation and Maintenance Requirements,234257.0,public,1,According to Goods or Services - Public Sector
2025-06-30,25,Electronic Devices,228918.0,public,1,According to Goods or Services - Public Sector
2025-06-30,26,Production and Operation Services,214600.0,public,1,According to Goods or Services - Public Sector
2025-06-30,27,Awqaf General Authority and Islamic Affairs,197910.0,public,1,According to Goods or Services - Public Sector
2025-06-30,28,Libyan Airlines Requirements,123434.0,public,1,According to Goods or Services - Public Sector
2025-06-30,29,Hatef Libya Company Operating Supplies,42999.0,public,1,According to Goods or Services - Public Sector
2025-06-30,30,Medical Treatment Transfers,42920.0,public,1,According to Goods or Services - Public Sector
2025-06-30,31,Miscellaneous,40500.0,public,1,According to Goods or Services - Public Sector
2025-06-30,32,Airports Authority,1649.0,public,1,According to Goods or Services - Public Sector
2026-06-30,1,Miscellaneous food products,1925034497.0,unspecified,1,According to Goods or Services
2026-06-30,2,Production and operating requirements,1371917970.0,unspecified,1,According to Goods or Services
2026-06-30,3,Building materials and construction supplies,749102400.0,unspecified,1,According to Goods or Services
2026-06-30,4,Human medicines,518642340.0,unspecified,1,According to Goods or Services
2026-06-30,5,Machinery and equipment,460611866.0,unspecified,1,According to Goods or Services
2026-06-30,6,"Transportation, tires, batteries and spare parts",455560408.0,unspecified,1,According to Goods or Services
2026-06-30,7,Feeds,421707154.0,unspecified,1,According to Goods or Services
2026-06-30,8,Electronic Equipment,336575396.0,unspecified,1,According to Goods or Services
2026-06-30,9,Agricultural,215659951.0,unspecified,1,According to Goods or Services
2026-06-30,10,Live and frozen meat,214798937.0,unspecified,1,According to Goods or Services
2026-06-30,11,Essential Commodity Production Requirements,205844654.0,unspecified,1,According to Goods or Services
2026-06-30,12,"Electronic, household, and electrical appliances",159051481.0,unspecified,1,According to Goods or Services
2026-06-30,13,Cleaning Materials,136805409.0,unspecified,1,According to Goods or Services
2026-06-30,15,Clothing and footwear,101226800.0,unspecified,1,According to Goods or Services
2026-06-30,14,"Milk, diapers, and baby food",83661617.0,unspecified,1,According to Goods or Services
2026-06-30,16,Airline company transfers,69497485.0,unspecified,1,According to Goods or Services
2026-06-30,17,Tourism services,69415000.0,unspecified,1,According to Goods or Services
2026-06-30,18,Milk,51149403.0,unspecified,1,According to Goods or Services
2026-06-30,19,Agricultural,47847486.0,unspecified,1,According to Goods or Services
2026-06-30,20,Cheeses,45103324.0,unspecified,1,According to Goods or Services
2026-06-30,21,Miscellaneous,40993025.0,unspecified,1,According to Goods or Services
2026-06-30,22,Various navigational services,38638187.0,unspecified,1,According to Goods or Services
2026-06-30,23,Furniture,31373682.0,unspecified,1,According to Goods or Services
2026-06-30,24,Cleaning supplies,31050746.0,unspecified,1,According to Goods or Services
2026-06-30,25,Stationery,26979788.0,unspecified,1,According to Goods or Services
2026-06-30,26,ICT Services,25278082.0,unspecified,1,According to Goods or Services
2026-06-30,27,Burniq Air requests,19980142.0,unspecified,1,According to Goods or Services
2026-06-30,28,Fruits and Vegetables,13883624.0,unspecified,1,According to Goods or Services
2026-06-30,29,Tobacco of all kinds,12720070.0,unspecified,1,According to Goods or Services
2026-06-30,30,Fish and Marines,11934721.0,unspecified,1,According to Goods or Services
2026-06-30,31,Oya Airways Company,11901132.0,unspecified,1,According to Goods or Services
2026-06-30,32,Veterinary Medicines,10589135.0,unspecified,1,According to Goods or Services
2026-06-30,33,Medical,9471516.0,unspecified,1,According to Goods or Services
2026-06-30,34,Buraq Airlines Requests,8419351.0,unspecified,1,According to Goods or Services
2026-06-30,35,Carpets and Textiles,7916096.0,unspecified,1,According to Goods or Services
2026-06-30,36,Hygienic materials,7635191.0,unspecified,1,According to Goods or Services
2026-06-30,37,Ghee,5878609.0,unspecified,1,According to Goods or Services
2026-06-30,38,Salary transfers,4659158.0,unspecified,1,According to Goods or Services
2026-06-30,39,Insurance Companies Transfers,3810026.0,unspecified,1,According to Goods or Services
2026-06-30,40,Production and Operation Services,2289482.0,unspecified,1,According to Goods or Services
2026-06-30,41,Butter,2277767.0,unspecified,1,According to Goods or Services
2026-06-30,42,General Electricity Company Supplies,1730321.0,unspecified,1,According to Goods or Services
2026-06-30,43,Other Goods,1157833.0,unspecified,1,According to Goods or Services
2026-06-30,44,Fabrics and Carpets,994435.0,unspecified,1,According to Goods or Services
2026-06-30,45,Goods related to public services,986990.0,unspecified,1,According to Goods or Services
2026-06-30,46,General Authority for Awqaf and Islamic Affairs,706158.0,unspecified,1,According to Goods or Services
2026-06-30,47,Iron and steel factory operating requirements,700000.0,unspecified,1,According to Goods or Services
2026-06-30,48,Libyan Airlines requests,445310.0,unspecified,1,According to Goods or Services
2026-06-30,49,Insurance Companies Requests,340560.0,unspecified,1,According to Goods or Services
2026-06-30,50,MedSky Airways Company requests,288516.0,unspecified,1,According to Goods or Services
2026-06-30,51,Libyan Express Transport Company,82882.0,unspecified,1,According to Goods or Services
2026-06-30,52,Ghadames Airways Company,64815.0,unspecified,1,According to Goods or Services
2026-05-31,1,Production and operating requirements,1595194432.0,unspecified,1,According to Goods or Services
2026-05-31,2,Miscellaneous food products,1131447303.0,unspecified,1,According to Goods or Services
2026-05-31,3,Miscellaneous,580773741.0,unspecified,1,According to Goods or Services
2026-05-31,4,Building materials and construction supplies,484117665.0,unspecified,1,According to Goods or Services
2026-05-31,5,Feeds,320477097.0,unspecified,1,According to Goods or Services
2026-05-31,6,Human medicines and medical equipment,315050842.0,unspecified,1,According to Goods or Services
2026-05-31,7,Machinery and equipment,297886842.0,unspecified,1,According to Goods or Services
2026-05-31,8,"Transportation, tires, batteries and spare parts",259962300.0,unspecified,1,According to Goods or Services
2026-05-31,9,"Electronic, household, and electrical appliances",240473964.0,unspecified,1,According to Goods or Services
2026-05-31,10,"Agricultural materials, equipment, and fertilizers",175608776.0,unspecified,1,According to Goods or Services
2026-05-31,11,Airline company transfers,161444733.0,unspecified,1,According to Goods or Services
2026-05-31,12,"Live and frozen meat, fish, and seafood",128332158.0,unspecified,1,According to Goods or Services
2026-05-31,13,Cleaning supplies,86844365.0,unspecified,1,According to Goods or Services
2026-05-31,15,Tourism services,69098000.0,unspecified,1,According to Goods or Services
2026-05-31,14,Clothing and footwear,60086837.0,unspecified,1,According to Goods or Services
2026-05-31,16,"Telecommunications, information technology, and maritime services",52129506.0,unspecified,1,According to Goods or Services
2026-05-31,17,"Milk, diapers, and baby food",48429083.0,unspecified,1,According to Goods or Services
2026-05-31,18,Stationery,30671065.0,unspecified,1,According to Goods or Services
2026-05-31,19,Furniture,21401766.0,unspecified,1,According to Goods or Services
2026-05-31,20,Gold import transfers,9984500.0,unspecified,1,According to Goods or Services
2026-05-31,21,Tobacco of all types and related products,8784328.0,unspecified,1,According to Goods or Services
2026-05-31,22,Insurance company transfers,4486790.0,unspecified,1,According to Goods or Services
2026-05-31,23,Carpets and textiles,4030287.0,unspecified,1,According to Goods or Services
2026-05-31,25,Salary transfers (foreigners),500648.0,unspecified,1,According to Goods or Services
2026-05-31,26,Training and study course transfers,470163.0,unspecified,1,According to Goods or Services
2025-11-30,1,Production and Operation Supplies,3456012054.0,unspecified,1,According to Goods or Services
2025-11-30,2,Miscellaneous Food Commodities,3261323625.0,unspecified,1,According to Goods or Services
2025-11-30,3,Building Materials and Construction Supplies,1456878262.0,unspecified,1,According to Goods or Services
2025-11-30,4,"Transportation, tires, batteries and spare parts",895750479.0,unspecified,1,According to Goods or Services
2025-11-30,5,Machinery and Equipment,887534009.0,unspecified,1,According to Goods or Services
2025-11-30,6,Electronic Equipment,798490948.0,unspecified,1,According to Goods or Services
2025-11-30,7,Feeds,606768818.0,unspecified,1,According to Goods or Services
2025-11-30,8,Human Medicines,535440490.0,unspecified,1,According to Goods or Services
2025-11-30,9,Agricultural Machinery and Equipment,482914100.0,unspecified,1,According to Goods or Services
2025-11-30,10,Live and frozen meat,385441540.0,unspecified,1,According to Goods or Services
2025-11-30,11,Household and Household Electrical,315710675.0,unspecified,1,According to Goods or Services
2025-11-30,12,Essential Commodity Production Requirements,282911270.0,unspecified,1,According to Goods or Services
2025-11-30,13,Cleaning Materials,252488319.0,unspecified,1,According to Goods or Services
2025-11-30,14,"Milk, diapers and baby food",161963827.0,unspecified,1,According to Goods or Services
2025-11-30,15,Airlines Transfers,128383477.0,unspecified,1,According to Goods or Services
2025-11-30,16,Burniq Air requests,119678971.0,unspecified,1,According to Goods or Services
2025-11-30,17,Milk,105905101.0,unspecified,1,According to Goods or Services
2025-11-30,18,ICT Services,103102762.0,unspecified,1,According to Goods or Services
2025-11-30,19,Tobacco of all kinds,97536093.0,unspecified,1,According to Goods or Services
2025-11-30,20,Clothing and Shoes,96497276.0,unspecified,1,According to Goods or Services
2025-11-30,21,Agricultural and Fertilizers,93017163.0,unspecified,1,According to Goods or Services
2025-11-30,22,Cleaning Materials,85558956.0,unspecified,1,According to Goods or Services
2025-11-30,23,Furniture,75779746.0,unspecified,1,According to Goods or Services
2025-11-30,24,Miscellaneous,67972526.0,unspecified,1,According to Goods or Services
2025-11-30,25,Cheeses,58416477.0,unspecified,1,According to Goods or Services
2025-11-30,26,Various navigational services,58202406.0,unspecified,1,According to Goods or Services
2025-11-30,27,Stationery,44574221.0,unspecified,1,According to Goods or Services
2025-11-30,28,Hygienic materials,41092377.0,unspecified,1,According to Goods or Services
2025-11-30,29,Iron and steel factory operating requirements,32720236.0,unspecified,1,According to Goods or Services
2025-11-30,30,Medical,29406038.0,unspecified,1,According to Goods or Services
2025-11-30,31,Fruits and Vegetables,22672001.0,unspecified,1,According to Goods or Services
2025-11-30,32,Importing a Gold Commodity,19932381.0,unspecified,1,According to Goods or Services
2025-11-30,33,Butter,11288969.0,unspecified,1,According to Goods or Services
2025-11-30,34,Carpets and Textiles,10581161.0,unspecified,1,According to Goods or Services
2025-11-30,35,Fish and Marines,10576497.0,unspecified,1,According to Goods or Services
2025-11-30,36,Veterinary Medicines,8231076.0,unspecified,1,According to Goods or Services
2025-11-30,37,Ghee,6411919.0,unspecified,1,According to Goods or Services
2025-11-30,38,Salary transfers,4718566.0,unspecified,1,According to Goods or Services
2025-11-30,39,Special requests for Libyan Wings Company,3690357.0,unspecified,1,According to Goods or Services
2025-11-30,40,Libyan Express Transport Company,3594488.0,unspecified,1,According to Goods or Services
2025-11-30,41,Insurance Companies Transfers,2698191.0,unspecified,1,According to Goods or Services
2025-11-30,42,Other Goods,1704512.0,unspecified,1,According to Goods or Services
2025-11-30,43,General Electricity Company Supplies,1084058.0,unspecified,1,According to Goods or Services
2025-11-30,44,MedSky Airways Company requests,664251.0,unspecified,1,According to Goods or Services
2025-11-30,45,Oya Airways Company,647618.0,unspecified,1,According to Goods or Services
2025-11-30,46,Ghadames Airways Company,562574.0,unspecified,1,According to Goods or Services
2025-11-30,47,Costs of tourism services,250000.0,unspecified,1,According to Goods or Services
2025-11-30,48,Fabrics and Carpets,250000.0,unspecified,1,According to Goods or Services
2025-11-30,49,Production and Operating Services,45540.0,unspecified,1,According to Goods or Services
2025-11-30,50,Training Courses Transfers,41135.0,unspecified,1,According to Goods or Services
2025-11-30,51,Insurance Companies Requests,29600.0,unspecified,1,According to Goods or Services
2025-11-30,52,Flight Tickets,23874.0,unspecified,1,According to Goods or Services
2025-09-30,1,Production and Operation Supplies,2861859469.0,private,1,According to Goods or Services - Private Sector
2025-09-30,2,Miscellaneous Food Commodities,2534525381.0,private,1,According to Goods or Services - Private Sector
2025-09-30,3,Building Materials and Construction Supplies,1050870609.0,private,1,According to Goods or Services - Private Sector
2025-09-30,4,Machinery and Equipment,749355133.0,private,1,According to Goods or Services - Private Sector
2025-09-30,5,"Transportation, tires, batteries and spare parts",705022107.0,private,1,According to Goods or Services - Private Sector
2025-09-30,6,Electronic Equipment,574393158.0,private,1,According to Goods or Services - Private Sector
2025-09-30,7,Feeds,501123654.0,private,1,According to Goods or Services - Private Sector
2025-09-30,8,Human Medicines,401653255.0,private,1,According to Goods or Services - Private Sector
2025-09-30,9,Live and frozen meat,334527226.0,private,1,According to Goods or Services - Private Sector
2025-09-30,10,Agricultural,324987477.0,private,1,According to Goods or Services - Private Sector
2025-09-30,11,Household and Household Electrical,247731456.0,private,1,According to Goods or Services - Private Sector
2025-09-30,12,Essential Commodity Production Requirements,237645587.0,private,1,According to Goods or Services - Private Sector
2025-09-30,13,Cleaning Materials,161639208.0,private,1,According to Goods or Services - Private Sector
2025-09-30,14,"Milk, diapers and baby food",125107506.0,private,1,According to Goods or Services - Private Sector
2025-09-30,15,Burniq Air requests,108488555.0,private,1,According to Goods or Services - Private Sector
2025-09-30,16,Airlines Transfers,102956997.0,private,1,According to Goods or Services - Private Sector
2025-09-30,17,Milk,84880054.0,private,1,According to Goods or Services - Private Sector
2025-09-30,18,ICT Services,78799935.0,private,1,According to Goods or Services - Private Sector
2025-09-30,19,Tobacco of all kinds,68357958.0,private,1,According to Goods or Services - Private Sector
2025-09-30,20,Clothing and Shoes,66502993.0,private,1,According to Goods or Services - Private Sector
2025-09-30,21,Cleaning Materials,64886136.0,private,1,According to Goods or Services - Private Sector
2025-09-30,22,Agricultural,56844221.0,private,1,According to Goods or Services - Private Sector
2025-09-30,23,Furniture,49662125.0,private,1,According to Goods or Services - Private Sector
2025-09-30,24,Cheeses,46197516.0,private,1,According to Goods or Services - Private Sector
2025-09-30,25,Miscellaneous,37313561.0,private,1,According to Goods or Services - Private Sector
2025-09-30,26,Hygienic materials,35943411.0,private,1,According to Goods or Services - Private Sector
2025-09-30,27,Various navigational services,32995475.0,private,1,According to Goods or Services - Private Sector
2025-09-30,28,Stationery,32847868.0,private,1,According to Goods or Services - Private Sector
2025-09-30,29,Iron and steel factory operating requirements,32190686.0,private,1,According to Goods or Services - Private Sector
2025-09-30,30,Medical,28535158.0,private,1,According to Goods or Services - Private Sector
2025-09-30,31,Fruits and Vegetables,17084084.0,private,1,According to Goods or Services - Private Sector
2025-09-30,32,Importing a Gold Commodity,15939281.0,private,1,According to Goods or Services - Private Sector
2025-09-30,33,Butter,10723754.0,private,1,According to Goods or Services - Private Sector
2025-09-30,34,Carpets and Textiles,7266729.0,private,1,According to Goods or Services - Private Sector
2025-09-30,35,Ghee,6232659.0,private,1,According to Goods or Services - Private Sector
2025-09-30,36,Veterinary Medicines,6185012.0,private,1,According to Goods or Services - Private Sector
2025-09-30,37,Salary transfers,4718566.0,private,1,According to Goods or Services - Private Sector
2025-09-30,38,Fish and Marines,4353310.0,private,1,According to Goods or Services - Private Sector
2025-09-30,39,Special requests for Libyan Wings Company,3690357.0,private,1,According to Goods or Services - Private Sector
2025-09-30,40,Libyan Express Transport Company,2714766.0,private,1,According to Goods or Services - Private Sector
2025-09-30,41,Insurance Companies Transfers,2625786.0,private,1,According to Goods or Services - Private Sector
2025-09-30,42,Other Goods,1634557.0,private,1,According to Goods or Services - Private Sector
2025-09-30,43,MedSky Airways Company requests,664251.0,private,1,According to Goods or Services - Private Sector
2025-09-30,44,Oya Airways Company,647618.0,private,1,According to Goods or Services - Private Sector
2025-09-30,45,Ghadames Airways Company,512911.0,private,1,According to Goods or Services - Private Sector
2025-09-30,46,General Electricity Company Supplies,380013.0,private,1,According to Goods or Services - Private Sector
2025-09-30,47,Training Courses Transfers,41135.0,private,1,According to Goods or Services - Private Sector
2025-09-30,48,Insurance Companies Requests,29600.0,private,1,According to Goods or Services - Private Sector
2025-09-30,49,Flight Tickets,23874.0,private,1,According to Goods or Services - Private Sector
2025-08-31,1,Production and Operation Supplies,2688108063.0,private,1,According to Goods or Services - Private Sector
2025-08-31,2,Miscellaneous Food Commodities,2371849737.0,private,1,According to Goods or Services - Private Sector
2025-08-31,3,Building Materials and Construction Supplies,957592888.0,private,1,According to Goods or Services - Private Sector
2025-08-31,4,Machinery and Equipment,714194608.0,private,1,According to Goods or Services - Private Sector
2025-08-31,5,"Transportation, tires, batteries and spare parts",664902325.0,private,1,According to Goods or Services - Private Sector
2025-08-31,6,Electronic Equipment,520717061.0,private,1,According to Goods or Services - Private Sector
2025-08-31,7,Feeds,481783053.0,private,1,According to Goods or Services - Private Sector
2025-08-31,8,Human Medicines,377792918.0,private,1,According to Goods or Services - Private Sector
2025-08-31,9,Live and frozen meat,315761574.0,private,1,According to Goods or Services - Private Sector
2025-08-31,10,Agricultural,264230073.0,private,1,According to Goods or Services - Private Sector
2025-08-31,11,Essential Commodity Production Requirements,224802704.0,private,1,According to Goods or Services - Private Sector
2025-08-31,12,Household and Household Electrical,223073607.0,private,1,According to Goods or Services - Private Sector
2025-08-31,13,Cleaning Materials,146851144.0,private,1,According to Goods or Services - Private Sector
2025-08-31,14,"Milk, diapers and baby food",119074833.0,private,1,According to Goods or Services - Private Sector
2025-08-31,15,Burniq Air requests,104268986.0,private,1,According to Goods or Services - Private Sector
2025-08-31,16,Airlines Transfers,87032484.0,private,1,According to Goods or Services - Private Sector
2025-08-31,17,Milk,77857271.0,private,1,According to Goods or Services - Private Sector
2025-08-31,18,ICT Services,67901822.0,private,1,According to Goods or Services - Private Sector
2025-08-31,19,Cleaning Materials,62192797.0,private,1,According to Goods or Services - Private Sector
2025-08-31,20,Clothing and Shoes,61946304.0,private,1,According to Goods or Services - Private Sector
2025-08-31,21,Tobacco of all kinds,58834218.0,private,1,According to Goods or Services - Private Sector
2025-08-31,22,Agricultural,53990240.0,private,1,According to Goods or Services - Private Sector
2025-08-31,23,Furniture,46118154.0,private,1,According to Goods or Services - Private Sector
2025-08-31,24,Cheeses,41522894.0,private,1,According to Goods or Services - Private Sector
2025-08-31,25,Miscellaneous,32508781.0,private,1,According to Goods or Services - Private Sector
2025-08-31,26,Iron and steel factory operating requirements,32190686.0,private,1,According to Goods or Services - Private Sector
2025-08-31,27,Stationery,30430528.0,private,1,According to Goods or Services - Private Sector
2025-08-31,28,Various navigational services,29822273.0,private,1,According to Goods or Services - Private Sector
2025-08-31,29,Hygienic materials,28570526.0,private,1,According to Goods or Services - Private Sector
2025-08-31,30,Medical,28535158.0,private,1,According to Goods or Services - Private Sector
2025-08-31,31,Fruits and Vegetables,17084084.0,private,1,According to Goods or Services - Private Sector
2025-08-31,32,Importing a Gold Commodity,15939281.0,private,1,According to Goods or Services - Private Sector
2025-08-31,33,Butter,10590354.0,private,1,According to Goods or Services - Private Sector
2025-08-31,34,Carpets and Textiles,6223699.0,private,1,According to Goods or Services - Private Sector
2025-08-31,35,Veterinary Medicines,6185012.0,private,1,According to Goods or Services - Private Sector
2025-08-31,36,Ghee,4070004.0,private,1,According to Goods or Services - Private Sector
2025-08-31,37,Fish and Marines,3895720.0,private,1,According to Goods or Services - Private Sector
2025-08-31,38,Special requests for Libyan Wings Company,3690357.0,private,1,According to Goods or Services - Private Sector
2025-08-31,39,Libyan Express Transport Company,2652760.0,private,1,According to Goods or Services - Private Sector
2025-08-31,40,Insurance Companies Transfers,2590669.0,private,1,According to Goods or Services - Private Sector
2025-08-31,41,Other Goods,1634557.0,private,1,According to Goods or Services - Private Sector
2025-08-31,42,MedSky Airways Company requests,664251.0,private,1,According to Goods or Services - Private Sector
2025-08-31,43,Oya Airways Company,647618.0,private,1,According to Goods or Services - Private Sector
2025-08-31,44,Ghadames Airways Company,468136.0,private,1,According to Goods or Services - Private Sector
2025-08-31,45,General Electricity Company Supplies,380013.0,private,1,According to Goods or Services - Private Sector
2025-08-31,46,Training Courses Transfers,41135.0,private,1,According to Goods or Services - Private Sector
2025-08-31,47,Insurance Companies Requests,29600.0,private,1,According to Goods or Services - Private Sector
2025-08-31,48,Flight Tickets,23874.0,private,1,According to Goods or Services - Private Sector
2025-08-31,1,Machinery and Equipment,195252436.0,public,1,According to Goods or Services - Public Sector
2025-08-31,2,Human Medicines,188009583.0,public,1,According to Goods or Services - Public Sector
2025-08-31,3,Libyan Iron and Steel Company Requirements,149281240.0,public,1,According to Goods or Services - Public Sector
2025-08-31,4,Production and Operation Requirements,135060769.0,public,1,According to Goods or Services - Public Sector
2025-08-31,5,Housing Projects Authority Requests,85808181.0,public,1,According to Goods or Services - Public Sector
2025-08-31,6,Furniture,37500000.0,public,1,According to Goods or Services - Public Sector
2025-08-31,7,"Transportation, Tires, Supplies and Spare Parts",25337091.0,public,1,According to Goods or Services - Public Sector
2025-08-31,8,Communications and IT Services,17721318.0,public,1,According to Goods or Services - Public Sector
2025-08-31,9,Aletihad Alarabee Contracting Company J.S.C,16095000.0,public,1,According to Goods or Services - Public Sector
2025-08-31,10,Almadar Aljadid Company,14092428.0,public,1,According to Goods or Services - Public Sector
2025-08-31,11,Airline Transfers,11172673.0,public,1,According to Goods or Services - Public Sector
2025-08-31,12,Social Security Fund,10000000.0,public,1,According to Goods or Services - Public Sector
2025-08-31,13,Libya Development and Reconstruction Fund,9603350.0,public,1,According to Goods or Services - Public Sector
2025-08-31,14,Al Ahlia Cement Company J.S.C,7326433.0,public,1,According to Goods or Services - Public Sector
2025-08-31,15,Insurance Company Transfers,6719382.0,public,1,According to Goods or Services - Public Sector
2025-08-31,16,Libyana Mobile Phone Company Requests,4941797.0,public,1,According to Goods or Services - Public Sector
2025-08-31,17,Libya Telecom and Technology Company,4327881.0,public,1,According to Goods or Services - Public Sector
2025-08-31,18,Feeds,3281519.0,public,1,According to Goods or Services - Public Sector
2025-08-31,19,Housing Projects Authority Requests,2735717.0,public,1,According to Goods or Services - Public Sector
2025-08-31,20,Essential Commodity Production Requirements,1105340.0,public,1,According to Goods or Services - Public Sector
2025-08-31,21,Electronic Devices,1082101.0,public,1,According to Goods or Services - Public Sector
2025-08-31,22,Port Operating Requirements,780130.0,public,1,According to Goods or Services - Public Sector
2025-08-31,23,Training Course Transfers,652978.0,public,1,According to Goods or Services - Public Sector
2025-08-31,24,Libyan Ports Company,639527.0,public,1,According to Goods or Services - Public Sector
2025-08-31,25,Goods for Public Services,515040.0,public,1,According to Goods or Services - Public Sector
2025-08-31,26,Port Operation and Maintenance Requirements,432240.0,public,1,According to Goods or Services - Public Sector
2025-08-31,27,Production and Operation Services,214600.0,public,1,According to Goods or Services - Public Sector
2025-08-31,28,Awqaf General Authority and Islamic Affairs,197910.0,public,1,According to Goods or Services - Public Sector
2025-08-31,29,Libyan Airlines Requirements,123434.0,public,1,According to Goods or Services - Public Sector
2025-08-31,30,Hatef Libya Company Operating Supplies,42999.0,public,1,According to Goods or Services - Public Sector
2025-08-31,31,Medical Treatment Transfers,42920.0,public,1,According to Goods or Services - Public Sector
2025-08-31,32,Miscellaneous,40500.0,public,1,According to Goods or Services - Public Sector
2025-08-31,33,Airports Authority,1649.0,public,1,According to Goods or Services - Public Sector
2025-12-31,1,Production and Operation Supplies,3582197174.0,unspecified,1,According to Goods or Services
2025-12-31,2,Miscellaneous Food Commodities,3546809035.0,unspecified,1,According to Goods or Services
2025-12-31,3,Building Materials and Construction Supplies,1560647860.0,unspecified,1,According to Goods or Services
2025-12-31,4,"Transportation, tires, batteries and spare parts",963408384.0,unspecified,1,According to Goods or Services
2025-12-31,5,Machinery and Equipment,934203721.0,unspecified,1,According to Goods or Services
2025-12-31,6,Electronic Equipment,835227654.0,unspecified,1,According to Goods or Services
2025-12-31,7,Feeds,651938294.0,unspecified,1,According to Goods or Services
2025-12-31,8,Human Medicines,581490043.0,unspecified,1,According to Goods or Services
2025-12-31,9,Agricultural,522545784.0,unspecified,1,According to Goods or Services
2025-12-31,10,Live and frozen meat,397438726.0,unspecified,1,According to Goods or Services
2025-12-31,11,Household and Household Electrical,330640418.0,unspecified,1,According to Goods or Services
2025-12-31,12,Essential Commodity Production Requirements,304868147.0,unspecified,1,According to Goods or Services
2025-12-31,13,Cleaning Materials,267488838.0,unspecified,1,According to Goods or Services
2025-12-31,14,"Milk, diapers and baby food",171393455.0,unspecified,1,According to Goods or Services
2025-12-31,15,Airlines Transfers,145813314.0,unspecified,1,According to Goods or Services
2025-12-31,16,Burniq Air requests,124078050.0,unspecified,1,According to Goods or Services
2025-12-31,17,Milk,115405919.0,unspecified,1,According to Goods or Services
2025-12-31,18,Clothing and Shoes,105423004.0,unspecified,1,According to Goods or Services
2025-12-31,19,ICT Services,104248560.0,unspecified,1,According to Goods or Services
2025-12-31,20,Agricultural,104065325.0,unspecified,1,According to Goods or Services
2025-12-31,21,Tobacco of all kinds,98256093.0,unspecified,1,According to Goods or Services
2025-12-31,22,Cleaning Materials,88203244.0,unspecified,1,According to Goods or Services
2025-12-31,23,Furniture,79072580.0,unspecified,1,According to Goods or Services
2025-12-31,24,Miscellaneous,72576571.0,unspecified,1,According to Goods or Services
2025-12-31,25,Cheeses,62897941.0,unspecified,1,According to Goods or Services
2025-12-31,26,Various navigational services,60699593.0,unspecified,1,According to Goods or Services
2025-12-31,27,Stationery,47617067.0,unspecified,1,According to Goods or Services
2025-12-31,28,Hygienic materials,44242264.0,unspecified,1,According to Goods or Services
2025-12-31,29,Iron and steel factory operating requirements,32720236.0,unspecified,1,According to Goods or Services
2025-12-31,30,Medical,32299459.0,unspecified,1,According to Goods or Services
2025-12-31,31,Fruits and Vegetables,25912832.0,unspecified,1,According to Goods or Services
2025-12-31,32,Importing a Gold Commodity,21927381.0,unspecified,1,According to Goods or Services
2025-12-31,33,Carpets and Textiles,13864551.0,unspecified,1,According to Goods or Services
2025-12-31,34,Butter,11920721.0,unspecified,1,According to Goods or Services
2025-12-31,35,Fish and Marines,10813132.0,unspecified,1,According to Goods or Services
2025-12-31,36,Veterinary Medicines,9227396.0,unspecified,1,According to Goods or Services
2025-12-31,37,Ghee,6411919.0,unspecified,1,According to Goods or Services
2025-12-31,38,Salary transfers,4718566.0,unspecified,1,According to Goods or Services
2025-12-31,39,Special requests for Libyan Wings Company,3690357.0,unspecified,1,According to Goods or Services
2025-12-31,40,Libyan Express Transport Company,3594488.0,unspecified,1,According to Goods or Services
2025-12-31,41,Insurance Companies Transfers,3102680.0,unspecified,1,According to Goods or Services
2025-12-31,42,Other Goods,1747075.0,unspecified,1,According to Goods or Services
2025-12-31,43,General Electricity Company Supplies,1437307.0,unspecified,1,According to Goods or Services
2025-12-31,44,Training Courses Transfers,991135.0,unspecified,1,According to Goods or Services
2025-12-31,45,MedSky Airways Company requests,664251.0,unspecified,1,According to Goods or Services
2025-12-31,46,Oya Airways Company,647618.0,unspecified,1,According to Goods or Services
2025-12-31,47,Ghadames Airways Company,618503.0,unspecified,1,According to Goods or Services
2025-12-31,48,Fabrics and Carpets,448000.0,unspecified,1,According to Goods or Services
2025-12-31,49,Costs of tourism services,250000.0,unspecified,1,According to Goods or Services
2025-12-31,50,Insurance Companies Requests,55939.0,unspecified,1,According to Goods or Services
2025-12-31,51,Production and Operating Services,45540.0,unspecified,1,According to Goods or Services
2025-12-31,52,Flight Tickets,23874.0,unspecified,1,According to Goods or Services
2025-07-31,1,Production and Operation Supplies,2284725092.0,private,1,According to Goods or Services - Private Sector
2025-07-31,2,Miscellaneous Food Commodities,2009074994.0,private,1,According to Goods or Services - Private Sector
2025-07-31,3,Building Materials and Construction Supplies,752420831.0,private,1,According to Goods or Services - Private Sector
2025-07-31,4,Machinery and Equipment,616046921.0,private,1,According to Goods or Services - Private Sector
2025-07-31,5,"Transportation, tires, batteries and spare parts",512302158.0,private,1,According to Goods or Services - Private Sector
2025-07-31,6,Feeds,433535022.0,private,1,According to Goods or Services - Private Sector
2025-07-31,7,Electronic Equipment,426270398.0,private,1,According to Goods or Services - Private Sector
2025-07-31,8,Human Medicines,318354354.0,private,1,According to Goods or Services - Private Sector
2025-07-31,9,Live and frozen meat,292857672.0,private,1,According to Goods or Services - Private Sector
2025-07-31,10,Agricultural,223910281.0,private,1,According to Goods or Services - Private Sector
2025-07-31,11,Household and Household Electrical,187919304.0,private,1,According to Goods or Services - Private Sector
2025-07-31,12,Essential Commodity Production Requirements,178618125.0,private,1,According to Goods or Services - Private Sector
2025-07-31,13,Cleaning Materials,118452952.0,private,1,According to Goods or Services - Private Sector
2025-07-31,14,Burniq Air requests,100685680.0,private,1,According to Goods or Services - Private Sector
2025-07-31,15,"Milk, diapers and baby food",97881949.0,private,1,According to Goods or Services - Private Sector
2025-07-31,16,Airlines Transfers,77862026.0,private,1,According to Goods or Services - Private Sector
2025-07-31,17,Cleaning Materials,60880312.0,private,1,According to Goods or Services - Private Sector
2025-07-31,18,ICT Services,59996133.0,private,1,According to Goods or Services - Private Sector
2025-07-31,19,Milk,58591810.0,private,1,According to Goods or Services - Private Sector
2025-07-31,20,Tobacco of all kinds,46954874.0,private,1,According to Goods or Services - Private Sector
2025-07-31,21,Agricultural,45454201.0,private,1,According to Goods or Services - Private Sector
2025-07-31,22,Clothing and Shoes,44350206.0,private,1,According to Goods or Services - Private Sector
2025-07-31,23,Cheeses,37236254.0,private,1,According to Goods or Services - Private Sector
2025-07-31,24,Furniture,34489532.0,private,1,According to Goods or Services - Private Sector
2025-07-31,25,Iron and steel factory operating requirements,32190686.0,private,1,According to Goods or Services - Private Sector
2025-07-31,26,Medical,28535158.0,private,1,According to Goods or Services - Private Sector
2025-07-31,27,Stationery,24898945.0,private,1,According to Goods or Services - Private Sector
2025-07-31,28,Miscellaneous,23768552.0,private,1,According to Goods or Services - Private Sector
2025-07-31,29,Hygienic materials,21590143.0,private,1,According to Goods or Services - Private Sector
2025-07-31,30,Various navigational services,19119460.0,private,1,According to Goods or Services - Private Sector
2025-07-31,31,Fruits and Vegetables,15270470.0,private,1,According to Goods or Services - Private Sector
2025-07-31,32,Butter,10590354.0,private,1,According to Goods or Services - Private Sector
2025-07-31,33,Importing a Gold Commodity,7969531.0,private,1,According to Goods or Services - Private Sector
2025-07-31,34,Veterinary Medicines,5027489.0,private,1,According to Goods or Services - Private Sector
2025-07-31,35,Carpets and Textiles,4192472.0,private,1,According to Goods or Services - Private Sector
2025-07-31,36,Ghee,4070004.0,private,1,According to Goods or Services - Private Sector
2025-07-31,37,Special requests for Libyan Wings Company,3690357.0,private,1,According to Goods or Services - Private Sector
2025-07-31,38,Fish and Marines,2921045.0,private,1,According to Goods or Services - Private Sector
2025-07-31,39,Libyan Air Transport Company,2652760.0,private,1,According to Goods or Services - Private Sector
2025-07-31,40,Insurance Companies Transfers,2256378.0,private,1,According to Goods or Services - Private Sector
2025-07-31,41,Other Goods,1334557.0,private,1,According to Goods or Services - Private Sector
2025-07-31,42,MedSky Airways Company requests,664251.0,private,1,According to Goods or Services - Private Sector
2025-07-31,43,Oya Airways Company,647618.0,private,1,According to Goods or Services - Private Sector
2025-07-31,44,General Electricity Company Supplies,170520.0,private,1,According to Goods or Services - Private Sector
2025-07-31,45,Ghadames Airways Company,124136.0,private,1,According to Goods or Services - Private Sector
2025-07-31,46,Training Courses Transfers,41135.0,private,1,According to Goods or Services - Private Sector
2025-07-31,47,Insurance Companies Requests,29600.0,private,1,According to Goods or Services - Private Sector
2025-07-31,48,Flight Tickets,23874.0,private,1,According to Goods or Services - Private Sector
2025-07-31,1,Machinery and Equipment,195252436.0,public,1,According to Goods or Services - Public Sector
2025-07-31,2,Human Medicines,188009583.0,public,1,According to Goods or Services - Public Sector
2025-07-31,3,Libyan Iron and Steel Company Requirements,147670537.0,public,1,According to Goods or Services - Public Sector
2025-07-31,4,Production and Operation Requirements,134887769.0,public,1,According to Goods or Services - Public Sector
2025-07-31,5,Housing Projects Authority Requests,85808181.0,public,1,According to Goods or Services - Public Sector
2025-07-31,6,Furniture,37500000.0,public,1,According to Goods or Services - Public Sector
2025-07-31,7,"Transportation, Tires, Supplies and Spare Parts",24566189.0,public,1,According to Goods or Services - Public Sector
2025-07-31,8,Communications and IT Services,16237067.0,public,1,According to Goods or Services - Public Sector
2025-07-31,9,Aletihad Alarabee Contracting Company J.S.C,16095000.0,public,1,According to Goods or Services - Public Sector
2025-07-31,10,Almadar Aljadid Company,14092428.0,public,1,According to Goods or Services - Public Sector
2025-07-31,11,Social Security Fund,10000000.0,public,1,According to Goods or Services - Public Sector
2025-07-31,12,Airline Transfers,9622485.0,public,1,According to Goods or Services - Public Sector
2025-07-31,13,Libya Development and Reconstruction Fund,9603350.0,public,1,According to Goods or Services - Public Sector
2025-07-31,14,Insurance Company Transfers,6606677.0,public,1,According to Goods or Services - Public Sector
2025-07-31,15,Libyana Mobile Phone Company Requests,4941797.0,public,1,According to Goods or Services - Public Sector
2025-07-31,16,Libya Telecom and Technology Company,4213481.0,public,1,According to Goods or Services - Public Sector
2025-07-31,17,Al Ahlia Cement Company J.S.C,3774705.0,public,1,According to Goods or Services - Public Sector
2025-07-31,18,Feeds,3281519.0,public,1,According to Goods or Services - Public Sector
2025-07-31,19,Housing Projects Authority Requests,2735717.0,public,1,According to Goods or Services - Public Sector
2025-07-31,20,Essential Commodity Production Requirements,1105340.0,public,1,According to Goods or Services - Public Sector
2025-07-31,21,Electronic Devices,768978.0,public,1,According to Goods or Services - Public Sector
2025-07-31,22,Port Operating Requirements,692765.0,public,1,According to Goods or Services - Public Sector
2025-07-31,23,Training Course Transfers,652978.0,public,1,According to Goods or Services - Public Sector
2025-07-31,24,Goods for Public Services,515040.0,public,1,According to Goods or Services - Public Sector
2025-07-31,25,Libyan Ports Company,432240.0,public,1,According to Goods or Services - Public Sector
2025-07-31,26,Port Operation and Maintenance Requirements,234257.0,public,1,According to Goods or Services - Public Sector
2025-07-31,27,Production and Operation Services,214600.0,public,1,According to Goods or Services - Public Sector
2025-07-31,28,Awqaf General Authority and Islamic Affairs,197910.0,public,1,According to Goods or Services - Public Sector
2025-07-31,29,Libyan Airlines Requirements,123434.0,public,1,According to Goods or Services - Public Sector
2025-07-31,30,Hatef Libya Company Operating Supplies,42999.0,public,1,According to Goods or Services - Public Sector
2025-07-31,31,Medical Treatment Transfers,42920.0,public,1,According to Goods or Services - Public Sector
2025-07-31,32,Miscellaneous,40500.0,public,1,According to Goods or Services - Public Sector
2025-07-31,33,Airports Authority,1649.0,public,1,According to Goods or Services - Public Sector
2025-10-31,1,Production and Operation Supplies,3176662340.0,private,1,According to Goods or Services - Private Sector
2025-10-31,2,Miscellaneous Food Commodities,2905625950.0,private,1,According to Goods or Services - Private Sector
2025-10-31,3,Building Materials and Construction Supplies,1273508274.0,private,1,According to Goods or Services - Private Sector
2025-10-31,4,Machinery and Equipment,833285753.0,private,1,According to Goods or Services - Private Sector
2025-10-31,5,"Transportation, tires, batteries and spare parts",792499249.0,private,1,According to Goods or Services - Private Sector
2025-10-31,6,Electronic Equipment,698024012.0,private,1,According to Goods or Services - Private Sector
2025-10-31,7,Feeds,567189500.0,private,1,According to Goods or Services - Private Sector
2025-10-31,8,Human Medicines,471158281.0,private,1,According to Goods or Services - Private Sector
2025-10-31,9,Agricultural,438331368.0,private,1,According to Goods or Services - Private Sector
2025-10-31,10,Live and frozen meat,346651726.0,private,1,According to Goods or Services - Private Sector
2025-10-31,11,Household and Household Electrical,285359662.0,private,1,According to Goods or Services - Private Sector
2025-10-31,12,Essential Commodity Production Requirements,276719478.0,private,1,According to Goods or Services - Private Sector
2025-10-31,13,Cleaning Materials,207030001.0,private,1,According to Goods or Services - Private Sector
2025-10-31,14,"Milk, diapers and baby food",143934281.0,private,1,According to Goods or Services - Private Sector
2025-10-31,15,Airlines Transfers,114830448.0,private,1,According to Goods or Services - Private Sector
2025-10-31,16,Burniq Air requests,112892070.0,private,1,According to Goods or Services - Private Sector
2025-10-31,17,Milk,98335497.0,private,1,According to Goods or Services - Private Sector
2025-10-31,18,ICT Services,97029422.0,private,1,According to Goods or Services - Private Sector
2025-10-31,19,Tobacco of all kinds,88649193.0,private,1,According to Goods or Services - Private Sector
2025-10-31,20,Agricultural,86962990.0,private,1,According to Goods or Services - Private Sector
2025-10-31,21,Clothing and Shoes,80645443.0,private,1,According to Goods or Services - Private Sector
2025-10-31,22,Cleaning Materials,74483422.0,private,1,According to Goods or Services - Private Sector
2025-10-31,23,Furniture,68047337.0,private,1,According to Goods or Services - Private Sector
2025-10-31,24,Miscellaneous,61497960.0,private,1,According to Goods or Services - Private Sector
2025-10-31,25,Cheeses,49501208.0,private,1,According to Goods or Services - Private Sector
2025-10-31,26,Various navigational services,43287342.0,private,1,According to Goods or Services - Private Sector
2025-10-31,27,Stationery,40028896.0,private,1,According to Goods or Services - Private Sector
2025-10-31,28,Hygienic materials,39803864.0,private,1,According to Goods or Services - Private Sector
2025-10-31,29,Iron and steel factory operating requirements,32720236.0,private,1,According to Goods or Services - Private Sector
2025-10-31,30,Medical,28950886.0,private,1,According to Goods or Services - Private Sector
2025-10-31,31,Fruits and Vegetables,17813405.0,private,1,According to Goods or Services - Private Sector
2025-10-31,32,Importing a Gold Commodity,15939281.0,private,1,According to Goods or Services - Private Sector
2025-10-31,33,Butter,11288969.0,private,1,According to Goods or Services - Private Sector
2025-10-31,34,Carpets and Textiles,8402250.0,private,1,According to Goods or Services - Private Sector
2025-10-31,35,Fish and Marines,8202238.0,private,1,According to Goods or Services - Private Sector
2025-10-31,36,Veterinary Medicines,7408335.0,private,1,According to Goods or Services - Private Sector
2025-10-31,37,Ghee,6411919.0,private,1,According to Goods or Services - Private Sector
2025-10-31,38,Salary transfers,4718566.0,private,1,According to Goods or Services - Private Sector
2025-10-31,39,Special requests for Libyan Wings Company,3690357.0,private,1,According to Goods or Services - Private Sector
2025-10-31,40,Libyan Express Transport Company,3594488.0,private,1,According to Goods or Services - Private Sector
2025-10-31,41,Insurance Companies Transfers,2680694.0,private,1,According to Goods or Services - Private Sector
2025-10-31,42,Other Goods,1679902.0,private,1,According to Goods or Services - Private Sector
2025-10-31,43,MedSky Airways Company requests,664251.0,private,1,According to Goods or Services - Private Sector
2025-10-31,44,Oya Airways Company,647618.0,private,1,According to Goods or Services - Private Sector
2025-10-31,45,Ghadames Airways Company,523169.0,private,1,According to Goods or Services - Private Sector
2025-10-31,46,General Electricity Company Supplies,510923.0,private,1,According to Goods or Services - Private Sector
2025-10-31,47,Costs of tourism services,150000.0,private,1,According to Goods or Services - Private Sector
2025-10-31,48,Production and Operating Services,45540.0,private,1,According to Goods or Services - Private Sector
2025-10-31,49,Training Courses Transfers,41135.0,private,1,According to Goods or Services - Private Sector
2025-10-31,50,Insurance Companies Requests,29600.0,private,1,According to Goods or Services - Private Sector
2025-10-31,51,Flight Tickets,23874.0,private,1,According to Goods or Services - Private Sector
