date,year,month,currency_in_circulation,cash_in_vault,deposits_with_central_bank,bank_reserves_total,public_enterprise_demand_deposits,monetary_base
2004-01-31,2004,1,2928.2,104.3,906.8,1011.1,327.6,4266.9
2004-02-29,2004,2,2817.6,201.2,846.8,1048.0,323.4,4189.0
2004-03-31,2004,3,2868.4,160.6,889.7,1050.3,314.3,4233.0
2004-04-30,2004,4,2871.6,182.9,896.1,1079.0,467.9,4418.5
2004-05-31,2004,5,2862.6,190.4,913.5,1103.9,652.4,4618.9
2004-06-30,2004,6,2881.4,200.4,967.2,1167.6,704.2,4753.2
2004-07-31,2004,7,2872.5,251.2,1019.5,1270.7,727.6,4870.8
2004-08-31,2004,8,2648.0,332.8,1085.6,1418.4,569.2,4635.6
2004-09-30,2004,9,2460.4,310.6,1152.9,1463.5,658.9,4582.8
2004-10-31,2004,10,2526.2,245.3,1217.4,1462.7,859.7,4848.6
2004-11-30,2004,11,2590.2,274.9,1263.7,1538.6,804.5,4933.3
2004-12-31,2004,12,2612.7,181.6,1510.4,1692.0,784.6,5089.3
2005-01-31,2005,1,2837.5,215.0,1484.3,1699.3,657.4,5194.2
2005-02-28,2005,2,2767.0,228.1,1483.5,1711.6,797.2,5275.8
2005-03-31,2005,3,2558.2,426.7,1626.5,2053.2,904.0,5515.4
2005-04-30,2005,4,2613.4,249.0,1541.5,1790.5,654.3,5058.2
2005-05-31,2005,5,2683.6,207.7,1741.7,1949.4,1240.2,5873.2
2005-06-30,2005,6,2764.7,204.2,1788.1,1992.3,1345.9,6102.9
2005-07-31,2005,7,2866.9,208.7,2154.5,2363.2,1061.2,6291.3
2005-08-31,2005,8,2998.7,210.5,2017.9,2228.4,943.0,6170.1
2005-09-30,2005,9,2999.6,267.3,1978.1,2245.4,876.1,6121.1
2005-10-31,2005,10,3247.9,209.2,2252.7,2461.9,968.1,6677.9
2005-11-30,2005,11,3121.8,267.8,2285.3,2553.1,1351.3,7026.2
2005-12-31,2005,12,3308.7,173.0,2747.5,2920.5,1441.6,7670.8
2006-01-31,2006,1,3406.1,278.3,2413.0,2691.3,1338.0,7435.4
2006-02-28,2006,2,3473.3,233.7,2382.6,2616.3,1053.2,7142.8
2006-03-31,2006,3,3530.0,238.1,2351.1,2589.2,818.2,6937.4
2006-04-30,2006,4,3515.6,281.0,2415.6,2696.6,780.2,6992.4
2006-05-31,2006,5,3625.9,236.0,2785.0,3021.0,1152.8,7799.7
2006-06-30,2006,6,3601.5,285.1,3041.1,3326.2,853.4,7781.1
2006-07-31,2006,7,3569.0,280.9,2774.5,3055.4,953.5,7577.9
2006-08-31,2006,8,3541.5,321.6,3071.6,3393.2,897.0,7831.7
2006-09-30,2006,9,3568.0,349.5,3487.3,3836.8,1018.6,8423.4
2006-10-31,2006,10,3837.7,324.0,3025.1,3349.1,1117.3,8304.1
2006-11-30,2006,11,3689.4,313.5,3422.4,3735.9,943.0,8368.3
2006-12-31,2006,12,3932.9,201.2,3487.3,3688.5,1109.4,8730.8
2007-01-31,2007,1,3785.1,331.8,3037.5,3369.3,789.9,7944.3
2007-02-28,2007,2,3805.1,318.3,3332.3,3650.6,936.9,8392.6
2007-03-31,2007,3,3822.2,304.5,3577.6,3882.1,938.7,8643.0
2007-04-30,2007,4,3880.6,327.0,3125.3,3452.3,1239.3,8572.2
2007-05-31,2007,5,3988.4,334.8,2987.3,3322.1,901.0,8211.5
2007-06-30,2007,6,4014.9,330.0,3768.4,4098.4,717.1,8830.4
2007-07-31,2007,7,4018.1,368.1,3528.5,3896.6,873.7,8788.4
2007-08-31,2007,8,4039.6,401.0,4245.8,4646.8,959.6,9646.0
2007-09-30,2007,9,4164.5,364.2,4346.8,4711.0,867.9,9743.4
2007-10-31,2007,10,4254.8,427.4,4129.9,4557.3,1322.1,10134.2
2007-11-30,2007,11,4242.8,429.7,4435.8,4865.5,1507.7,10616.0
2007-12-31,2007,12,4581.2,370.9,4963.6,5334.5,1071.4,10987.1
2008-01-31,2008,1,4556.6,479.2,4767.5,5246.7,896.6,10699.9
2008-02-29,2008,2,4788.3,388.9,5182.8,5571.7,964.0,11324.0
2008-03-31,2008,3,4968.8,422.1,5278.8,5700.9,987.0,11656.7
2008-04-30,2008,4,4921.0,480.1,6899.7,7379.8,782.8,13083.6
2008-05-31,2008,5,4972.0,480.9,6655.5,7136.4,626.5,12734.9
2008-06-30,2008,6,5015.4,489.8,9201.8,9691.6,408.6,15115.6
2008-07-31,2008,7,4975.2,531.1,10237.6,10768.7,395.1,16139.0
2008-08-31,2008,8,5085.1,502.6,11796.0,12298.6,843.1,18226.8
2008-09-30,2008,9,5387.9,484.3,10292.4,10776.7,547.0,16711.6
2008-10-31,2008,10,5207.7,599.3,10113.7,10713.0,592.6,16513.3
2008-11-30,2008,11,5238.8,682.6,13359.3,14041.9,895.9,20176.6
2008-12-31,2008,12,5608.3,374.4,12239.9,12614.3,659.0,18881.6
2009-01-31,2009,1,5595.1,496.6,10386.6,10883.2,719.1,17197.4
2009-02-28,2009,2,5701.0,478.0,9887.1,10365.1,718.3,16784.4
2009-03-31,2009,3,5714.0,581.5,9989.7,10571.2,668.7,16953.9
2009-04-30,2009,4,5764.1,591.3,11392.8,11984.1,375.4,18123.6
2009-05-31,2009,5,5809.6,639.2,10760.3,11399.5,347.8,17556.9
2009-06-30,2009,6,5958.7,660.9,11543.9,12204.8,347.5,18511.0
2009-07-31,2009,7,5935.1,769.2,11961.0,12730.2,314.6,18979.9
2009-08-31,2009,8,6133.2,698.7,11505.5,12204.2,352.3,18689.7
2009-09-30,2009,9,6484.9,748.5,11438.2,12186.7,322.2,18993.8
2009-10-31,2009,10,6312.4,840.7,11602.4,12443.1,532.5,19288.0
2009-11-30,2009,11,6782.4,661.5,12137.7,12799.2,395.4,19977.0
2009-12-31,2009,12,6962.9,512.0,12670.0,13182.0,317.9,20462.8
2010-01-31,2010,1,6848.5,803.0,11136.8,11939.8,469.0,19257.3
2010-02-28,2010,2,6917.8,723.8,11298.9,12022.7,518.3,19458.8
2010-03-31,2010,3,6879.1,813.4,11161.7,11975.1,622.6,19476.8
2010-04-30,2010,4,6898.6,807.2,10928.6,11735.8,3324.2,21958.6
2010-05-31,2010,5,6957.9,881.4,12002.7,12884.1,591.2,20433.2
2010-06-30,2010,6,6860.7,951.1,11688.3,12639.4,546.0,20046.1
2010-07-31,2010,7,6876.7,967.4,12608.3,13575.7,1156.9,21609.3
2010-08-31,2010,8,7056.0,933.8,12766.8,13700.6,1150.5,21907.1
2010-09-30,2010,9,7274.8,969.9,12511.1,13481.0,1132.9,21888.7
2010-10-31,2010,10,7058.2,1112.8,12308.0,13420.8,976.0,21455.0
2010-11-30,2010,11,7370.1,1058.3,12709.9,13768.2,930.3,22068.6
2010-12-31,2010,12,7609.0,847.1,13228.4,14075.5,919.7,22604.2
2011-01-31,2011,1,7634.3,1044.2,12849.4,13893.6,904.9,22432.8
2011-02-28,2011,2,9607.7,687.1,14303.4,14990.5,2397.0,26995.2
2011-03-31,2011,3,11317.6,496.1,14369.7,14865.8,2217.2,28400.6
2011-04-30,2011,4,11923.0,598.9,13151.5,13750.4,1726.9,27400.3
2011-05-31,2011,5,12515.7,446.1,12752.3,13198.4,1765.4,27479.5
2011-06-30,2011,6,12642.0,552.2,13143.6,13695.8,1928.1,28265.9
2011-07-31,2011,7,13151.4,409.1,13862.0,14271.1,1844.8,29267.3
2011-08-31,2011,8,13149.7,460.7,13819.6,14280.3,1810.4,29240.4
2011-09-30,2011,9,13920.0,394.8,14356.0,14750.8,1807.0,30477.8
2011-10-31,2011,10,14693.3,529.4,14215.3,14744.7,1883.1,31321.1
2011-11-30,2011,11,15238.6,507.6,13949.7,14457.3,1891.6,31587.5
2011-12-31,2011,12,14840.1,864.6,14890.8,15755.4,1809.0,32404.5
2012-01-31,2012,1,14362.4,1321.9,16612.9,17934.8,2062.3,34359.5
2012-02-29,2012,2,13786.2,1073.4,14719.3,15792.7,1862.8,31441.7
2012-03-31,2012,3,14534.2,1377.3,15362.0,16739.3,1848.5,33122.0
2012-04-30,2012,4,14668.5,1552.1,14163.3,15715.4,1841.7,32225.6
2012-05-31,2012,5,14764.6,1253.8,16088.3,17342.1,1512.2,33618.9
2012-06-30,2012,6,14921.8,1413.5,15251.1,16664.6,1592.5,33178.9
2012-07-31,2012,7,14623.6,1843.9,15194.4,17038.3,2088.8,33750.7
2012-08-31,2012,8,14868.1,1612.4,14304.4,15916.8,2072.8,32857.7
2012-09-30,2012,9,14094.7,1979.2,14282.8,16262.0,2465.3,32822.0
2012-10-31,2012,10,14138.5,1755.3,15249.4,17004.7,2435.5,33578.7
2012-11-30,2012,11,13510.3,1991.7,15963.4,17955.1,2421.2,33886.6
2012-12-31,2012,12,13391.1,1433.3,17990.5,19423.8,1486.0,34300.9
2013-01-31,2013,1,13448.7,1434.5,16220.9,17655.4,1494.4,32598.5
2013-02-28,2013,2,13981.2,1420.2,16311.9,17732.1,1410.1,33123.4
2013-03-31,2013,3,13685.8,1823.2,15911.5,17734.7,1392.4,32812.9
2013-04-30,2013,4,12868.0,2262.7,16050.5,18313.2,1374.6,32555.8
2013-05-31,2013,5,12283.0,2238.6,16538.5,18777.1,1713.5,32773.6
2013-06-30,2013,6,11814.8,2094.1,17408.4,19502.5,1720.3,33037.6
2013-07-31,2013,7,12920.8,1686.4,17808.6,19495.0,1677.7,34093.5
2013-08-31,2013,8,13294.0,1904.7,16555.2,18459.9,1665.7,33419.6
2013-09-30,2013,9,13054.9,2157.8,17122.3,19280.1,1663.7,33998.7
2013-10-31,2013,10,13304.3,1977.2,16928.5,18905.7,1719.4,33929.4
2013-11-30,2013,11,13264.3,2019.8,18170.5,20190.3,1703.2,35157.8
2013-12-31,2013,12,13419.9,1622.6,20165.4,21788.0,1678.6,36886.5
2014-01-31,2014,1,13579.1,1644.0,18675.7,20319.7,1728.1,35626.9
2014-02-28,2014,2,13707.3,1829.1,18462.6,20291.7,1731.8,35730.8
2014-03-31,2014,3,14286.5,1621.9,18090.1,19712.0,1721.0,35719.5
2014-04-30,2014,4,14537.7,1577.2,18924.2,20501.4,1726.5,36765.6
2014-05-31,2014,5,14905.0,1414.5,18638.7,20053.2,1711.4,36669.6
2014-06-30,2014,6,15246.7,1628.6,17658.7,19287.3,1805.3,36339.3
2014-07-31,2014,7,15993.3,1236.6,20909.8,22146.4,1797.4,39937.1
2014-08-31,2014,8,16785.0,1418.9,19057.8,20476.7,1810.4,39072.1
2014-09-30,2014,9,17447.1,1613.2,18283.1,19896.3,1810.6,39154.0
2014-10-31,2014,10,17414.8,1799.6,18151.4,19951.0,1837.5,39203.3
2014-11-30,2014,11,17074.1,1959.8,17668.7,19628.5,1838.8,38541.4
2014-12-31,2014,12,17242.5,1552.3,17502.6,19054.9,1832.9,38130.3
2015-01-31,2015,1,17915.9,1476.9,18138.3,19615.2,1908.4,39439.5
2015-02-28,2015,2,18106.3,1615.6,18516.4,20132.0,1913.2,40151.5
2015-03-31,2015,3,18113.2,1742.2,17728.9,19471.1,1897.6,39481.9
2015-04-30,2015,4,17968.1,1994.8,18377.5,20372.3,1903.1,40243.5
2015-05-31,2015,5,17906.8,2037.5,18282.1,20319.6,1898.1,40124.5
2015-06-30,2015,6,18068.5,2001.6,18327.8,20329.4,1916.4,40314.3
2015-07-31,2015,7,19067.8,1480.5,19792.8,21273.3,1963.5,42304.6
2015-08-31,2015,8,19542.5,1290.7,18110.8,19401.5,1970.4,40914.4
2015-09-30,2015,9,20780.1,1048.5,18764.5,19813.0,1990.1,42583.2
2015-10-31,2015,10,21389.2,1009.0,18592.8,19601.8,1990.7,42981.7
2015-11-30,2015,11,22067.0,1046.2,17573.7,18619.9,1991.2,42678.1
2015-12-31,2015,12,23007.3,743.6,16185.2,16928.8,1990.1,41926.2
2016-01-31,2016,1,23833.9,584.4,17811.2,18395.6,2025.0,44254.5
2016-02-29,2016,2,24357.6,464.8,17872.7,18337.5,2040.3,44735.4
2016-03-31,2016,3,24717.1,465.1,19705.9,20171.0,2018.9,46907.0
2016-04-30,2016,4,25063.7,429.3,19841.4,20270.7,2049.9,47384.3
2016-05-31,2016,5,25376.1,412.7,19543.7,19956.4,2081.2,47413.7
2016-06-30,2016,6,25803.0,502.8,20407.1,20909.9,2078.8,48791.7
2016-07-31,2016,7,25982.9,555.8,21172.9,21728.7,2085.8,49797.4
2016-08-31,2016,8,26068.4,633.5,19929.2,20562.7,2107.2,48738.3
2016-09-30,2016,9,26180.9,608.6,21823.2,22431.8,2114.8,50727.5
2016-10-31,2016,10,26452.5,690.5,22542.5,23233.0,2116.1,51801.6
2016-11-30,2016,11,26806.4,647.0,23648.4,24295.4,2114.8,53216.6
2016-12-31,2016,12,27103.2,594.7,24779.5,25374.2,2120.2,54597.6
2017-01-31,2017,1,27271.3,605.2,24624.1,25229.3,2149.9,54650.5
2017-02-28,2017,2,27560.9,718.2,23813.4,24531.6,2203.4,54295.9
2017-03-31,2017,3,27845.2,790.0,25754.6,26544.6,2175.4,56565.2
2017-04-30,2017,4,28097.6,739.1,26541.9,27281.0,2203.2,57581.8
2017-05-31,2017,5,28209.1,716.9,27798.9,28515.8,2212.8,58937.7
2017-06-30,2017,6,29039.0,618.0,29298.4,29916.4,2241.2,61196.6
2017-07-31,2017,7,29198.5,607.5,27037.7,27645.2,2219.2,59062.9
2017-08-31,2017,8,29830.5,615.5,27734.1,28349.6,2297.8,60477.9
2017-09-30,2017,9,29765.4,699.9,28444.8,29144.7,2304.9,61215.0
2017-10-31,2017,10,30255.5,629.5,29006.2,29635.7,1803.6,61694.8
2017-11-30,2017,11,30627.3,632.1,28765.4,29397.5,1801.1,61825.9
2017-12-31,2017,12,30865.2,537.8,30267.8,30805.6,1529.1,63199.9
2018-01-31,2018,1,31070.9,608.5,30419.9,31028.4,1580.6,63679.9
2018-02-28,2018,2,31454.3,472.4,30283.4,30755.8,1586.3,63796.4
2018-03-31,2018,3,31793.1,699.6,30573.5,31273.1,1582.7,64648.9
2018-04-30,2018,4,31827.1,935.5,29801.0,30736.5,1610.5,64174.1
2018-05-31,2018,5,32388.8,815.8,33170.5,33986.3,1626.7,68001.8
2018-06-30,2018,6,32964.1,858.0,33041.9,33899.9,1610.5,68474.5
2018-07-31,2018,7,33635.0,947.0,33789.3,34736.3,1638.2,70009.5
2018-08-31,2018,8,34720.7,595.3,36659.3,37254.6,1743.6,73718.9
2018-09-30,2018,9,34827.5,559.6,36998.8,37558.4,1642.9,74028.8
2018-10-31,2018,10,34400.6,1023.4,31666.3,32689.7,1642.9,68733.2
2018-11-30,2018,11,34489.5,1686.3,27313.2,28999.5,1495.7,64984.7
2018-12-31,2018,12,34723.8,1581.2,23455.6,25036.8,1638.5,61399.1
2019-01-31,2019,1,35261.5,1120.0,27685.9,28805.9,1692.3,65759.7
2019-02-28,2019,2,35581.3,1116.4,24438.6,25555.0,1694.0,62830.3
2019-03-31,2019,3,35244.8,1529.1,22766.7,24295.8,1710.0,61250.6
2019-04-30,2019,4,35374.0,1776.8,24393.0,26169.8,1741.3,63285.1
2019-05-31,2019,5,36236.9,1500.5,23618.9,25119.4,1616.6,62972.9
2019-06-30,2019,6,36368.9,1552.2,22150.9,23703.1,1788.0,61860.0
2019-07-31,2019,7,36052.6,2325.4,22114.1,24439.5,1794.0,62286.1
2019-08-31,2019,8,36633.0,2223.8,22390.4,24614.2,1840.1,63087.3
2019-09-30,2019,9,36016.6,2884.3,19611.0,22495.3,1842.4,60354.3
2019-10-31,2019,10,36382.0,2517.5,19655.4,22172.9,1562.6,60117.5
2019-11-30,2019,11,36959.2,1957.7,20409.3,22367.0,1553.4,60879.6
2019-12-31,2019,12,36724.2,2322.7,19454.7,21777.4,1571.5,60073.1
2020-01-31,2020,1,36080.4,3004.6,18368.1,21372.7,1566.7,59019.8
2020-02-29,2020,2,34607.8,3760.9,14701.7,18462.6,1560.0,54630.4
2020-03-31,2020,3,35223.9,2822.7,19091.3,21914.0,1542.8,58680.7
2020-04-30,2020,4,35475.5,2919.9,21149.0,24068.9,1534.4,61078.8
2020-05-31,2020,5,35823.5,2573.4,19705.9,22279.3,1534.4,59637.2
2020-06-30,2020,6,36203.1,2259.4,19092.9,21352.3,1488.5,59043.9
2020-07-31,2020,7,37663.8,1543.2,18747.0,20290.2,1482.2,59436.2
2020-08-31,2020,8,37721.4,1547.8,19073.8,20621.6,1489.4,59832.4
2020-09-30,2020,9,38280.0,1566.6,19828.8,21395.4,1484.7,61160.1
2020-10-31,2020,10,38843.1,1210.7,20622.8,21833.5,1443.2,62119.8
2020-11-30,2020,11,39217.6,1185.7,22193.6,23379.3,1446.6,64043.5
2020-12-31,2020,12,39732.0,1128.9,24245.7,25374.6,1425.2,66531.8
2021-01-31,2021,1,37378.7,2925.9,17342.0,20267.9,2109.0,59755.6
2021-02-28,2021,2,37702.1,3314.9,15750.6,19065.5,1230.4,57998.0
2021-03-31,2021,3,36492.0,3532.7,15784.8,19317.5,1555.0,57364.5
2021-04-30,2021,4,36312.8,3054.8,15580.8,18635.6,1537.6,56486.0
2021-05-31,2021,5,36143.4,2780.8,17243.2,20024.0,1517.8,57685.2
2021-06-30,2021,6,34374.7,3642.6,16367.9,20010.5,1512.5,55897.7
2021-07-31,2021,7,35192.2,2424.4,15325.1,17749.5,1596.1,54537.8
2021-08-31,2021,8,33927.8,2943.4,27606.4,30549.8,1561.5,66039.1
2021-09-30,2021,9,33336.5,2984.6,23786.0,26770.6,1474.1,61581.2
2021-10-31,2021,10,33153.7,3166.4,22042.0,25208.4,1323.3,59685.4
2021-11-30,2021,11,32089.0,3384.1,21973.2,25357.3,1470.8,58917.1
2021-12-31,2021,12,31799.8,2775.1,24759.8,27534.9,1534.5,60869.2
2022-01-31,2022,1,32819.2,2225.5,24316.8,26542.3,1704.2,61065.7
2022-02-28,2022,2,31940.6,3198.9,19396.2,22595.1,1667.1,56202.8
2022-03-31,2022,3,31311.2,2655.1,19798.2,22453.3,1655.9,55420.4
2022-04-30,2022,4,33729.0,1549.0,21024.4,22573.4,1648.8,57951.2
2022-05-31,2022,5,31109.1,3430.9,20567.9,23998.8,1645.8,56753.7
2022-06-30,2022,6,30399.6,3888.2,18714.2,22602.4,1613.2,54615.2
2022-07-31,2022,7,31619.0,3645.2,18584.6,22229.8,1612.7,55461.5
2022-08-31,2022,8,31663.1,3122.1,17937.4,21059.5,1560.1,54282.7
2022-09-30,2022,9,32421.0,2393.2,22473.3,24866.5,1570.5,58858.0
2022-10-31,2022,10,31180.0,3537.1,18497.3,22034.4,1566.2,54780.6
2022-11-30,2022,11,30133.0,3815.6,22310.2,26125.8,2283.0,58541.8
2022-12-31,2022,12,31353.4,2013.2,28949.9,30963.1,2134.0,64450.5
2023-01-31,2023,1,30782.8,2703.7,18031.5,20735.2,2265.6,53783.6
2023-02-28,2023,2,30605.5,3263.6,21986.2,25249.8,1737.3,57592.6
2023-03-31,2023,3,33933.7,3263.1,25257.3,28520.4,1296.0,63750.1
2023-04-30,2023,4,38762.3,2211.7,25425.8,27637.5,1102.3,67502.1
2023-05-31,2023,5,36108.4,4504.6,26400.1,30904.7,1091.1,68104.2
2023-06-30,2023,6,40041.1,2089.8,30445.2,32535.0,1067.2,73643.3
2023-07-31,2023,7,37126.9,4820.6,23871.5,28692.1,1053.3,66872.3
2023-08-31,2023,8,37309.2,4613.8,33094.4,37708.2,1047.1,76064.5
2023-09-30,2023,9,39213.8,3597.2,34470.9,38068.1,1579.9,78861.8
2023-10-31,2023,10,40200.5,3092.7,43383.2,46475.9,884.4,87560.8
2023-11-30,2023,11,40601.6,3415.5,43179.9,46595.4,875.8,88072.8
2023-12-31,2023,12,43154.0,1916.0,48870.0,50786.0,874.2,94814.2
2024-01-31,2024,1,44482.9,912.2,49738.9,50651.1,847.2,95981.2
2024-02-29,2024,2,43341.6,2694.8,57746.2,60441.0,837.4,104620.0
2024-03-31,2024,3,44472.3,2059.4,51136.9,53196.3,838.0,98506.6
2024-04-30,2024,4,42190.8,4442.0,47674.7,52116.7,842.1,95149.6
2024-05-31,2024,5,42754.4,3330.4,41393.0,44723.4,837.1,88314.9
2024-06-30,2024,6,44396.2,2346.7,43839.4,46186.1,1234.8,91817.1
2024-07-31,2024,7,44798.8,2224.0,52961.9,55185.9,804.7,100789.4
2024-08-31,2024,8,44843.1,2311.5,44324.0,46635.5,800.7,92279.3
2024-09-30,2024,9,45949.1,1613.9,52068.0,53681.9,1452.3,101083.3
2024-10-31,2024,10,46984.2,2320.0,58022.7,60342.7,822.6,108149.5
2024-11-30,2024,11,48318.3,1301.5,59121.8,60423.3,796.3,109537.9
2024-12-31,2024,12,48883.4,1421.6,49926.4,51348.0,880.2,101111.6
2025-01-31,2025,1,48089.1,2336.1,54678.7,57014.8,1245.8,106349.7
2025-02-28,2025,2,48293.9,3083.3,49039.9,52123.2,1241.1,101658.2
2025-03-31,2025,3,52014.2,1891.2,47184.1,49075.3,1231.1,102320.6
2025-04-30,2025,4,45042.1,5083.7,54650.8,59734.5,1176.4,105953.0
2025-05-31,2025,5,52852.2,1504.7,51964.5,53469.2,1160.3,107481.7
2025-06-30,2025,6,54136.2,1460.0,55988.8,57448.8,1223.8,112808.8
2025-07-31,2025,7,55241.8,2317.9,58929.1,61247.0,952.9,117441.7
2025-08-31,2025,8,53257.6,5464.9,50127.1,55592.0,893.7,109743.3
2025-09-30,2025,9,53650.8,1553.4,62465.9,64019.3,804.4,118474.5
2025-10-31,2025,10,52884.5,665.7,75194.9,75860.6,793.4,129538.5
2025-11-30,2025,11,55293.0,539.2,78353.5,78892.7,750.5,134936.2
2025-12-31,2025,12,59097.8,958.9,76630.1,77589.0,694.1,137380.9
2026-01-31,2026,1,62991.5,840.2,72671.8,73512.0,1074.0,137577.5
2026-02-28,2026,2,66813.3,1406.5,72862.4,74268.9,1090.2,142172.4
2026-03-31,2026,3,70387.5,1425.5,84577.5,86003.0,1058.7,157449.2
2026-04-30,2026,4,73082.9,1065.9,79626.7,80692.6,1051.1,154826.6
