period_end,year,bank,rank,value_usd,market_share_pct
2026-02-28,2025,Jumhouria Bank,3.0,565155615.0,10.21
2026-02-28,2026,Jumhouria Bank,1.0,728762027.0,20.4
2026-02-28,2025,Andalus Bank,11.0,167055121.0,3.02
2026-02-28,2026,Andalus Bank,2.0,321883233.0,9.01
2026-02-28,2025,Wahda Bank,4.0,425865628.0,7.69
2026-02-28,2026,Wahda Bank,3.0,294987168.0,8.26
2026-02-28,2025,Aman Bank for Trade and Investment,1.0,1128173050.0,20.38
2026-02-28,2026,Aman Bank for Trade and Investment,4.0,290802094.0,8.14
2026-02-28,2025,Nuran Bank,5.0,412661135.0,7.45
2026-02-28,2026,Nuran Bank,5.0,288297510.0,8.07
2026-02-28,2025,Libyan Islamic Bank,9.0,255922249.0,4.62
2026-02-28,2026,Libyan Islamic Bank,6.0,269120932.0,7.53
2026-02-28,2025,North African Bank,8.0,267918917.0,4.84
2026-02-28,2026,North African Bank,7.0,217472188.0,6.09
2026-02-28,2025,Yaqeen Bank,12.0,129711854.0,2.34
2026-02-28,2026,Yaqeen Bank,8.0,190507121.0,5.33
2026-02-28,2025,National Union Bank,20.0,5497410.0,0.1
2026-02-28,2026,National Union Bank,9.0,122932177.0,3.44
2026-02-28,2025,First Gulf Libyan Bank,14.0,79038531.0,1.43
2026-02-28,2026,First Gulf Libyan Bank,10.0,112224028.0,3.14
2026-02-28,2025,United Bank for Commerce and Investment,6.0,388093350.0,7.01
2026-02-28,2026,United Bank for Commerce and Investment,11.0,111602657.0,3.12
2026-02-28,2025,National Commercial,2.0,892850370.0,16.13
2026-02-28,2026,National Commercial,12.0,100235501.0,2.81
2026-02-28,2025,Sahara Bank,13.0,124486217.0,2.25
2026-02-28,2026,Sahara Bank,13.0,93855412.0,2.63
2026-02-28,2025,Libyan Foreign Bank,17.0,45525268.0,0.82
2026-02-28,2026,Libyan Foreign Bank,14.0,83107092.0,2.33
2026-02-28,2025,Bank of Commerce and Trade,7.0,287584517.0,5.19
2026-02-28,2026,Bank of Commerce and Trade,15.0,82694967.0,2.31
2026-02-28,2025,Assaray Trade and Investment Bank,10.0,209699715.0,3.79
2026-02-28,2026,Assaray Trade and Investment Bank,16.0,72977575.0,2.04
2026-02-28,2025,Alwaha Bank,16.0,48551357.0,0.88
2026-02-28,2026,Alwaha Bank,17.0,66901962.0,1.87
2026-02-28,2025,Tadhamon Bank,15.0,53149509.0,0.96
2026-02-28,2026,Tadhamon Bank,18.0,50599502.0,1.42
2026-02-28,2025,Mediterranean Bank,18.0,34980722.0,0.63
2026-02-28,2026,Mediterranean Bank,19.0,36282803.0,1.02
2026-02-28,2025,Arab Investment Islamic Bank,19.0,9777262.0,0.18
2026-02-28,2026,Arab Investment Islamic Bank,20.0,25368747.0,0.71
2026-02-28,2025,Alwafa Bank,21.0,5239955.0,0.09
2026-02-28,2026,Alwafa Bank,21.0,6184703.0,0.17
2026-02-28,2025,Islamic Finance Bank,,,
2026-02-28,2026,Islamic Finance Bank,22.0,5955730.0,0.17
2026-02-28,2025,Daman Islamic Bank,,,
2026-02-28,2026,Daman Islamic Bank,23.0,1615054.0,0.05
2026-04-30,2025,Jumhouria Bank,3.0,1053304821.0,10.07
2026-04-30,2026,Jumhouria Bank,1.0,1379114283.0,17.58
2026-04-30,2025,Aman Bank for Trade and Investment,1.0,2094267786.0,20.02
2026-04-30,2026,Aman Bank for Trade and Investment,2.0,804770995.0,10.26
2026-04-30,2025,Wahda Bank,4.0,781462301.0,7.47
2026-04-30,2026,Wahda Bank,3.0,595136201.0,7.59
2026-04-30,2025,North African Bank,7.0,536726927.0,5.13
2026-04-30,2026,North African Bank,4.0,593803322.0,7.57
2026-04-30,2025,Nuran Bank,6.0,656959048.0,6.28
2026-04-30,2026,Nuran Bank,5.0,588046364.0,7.5
2026-04-30,2025,Andalus Bank,12.0,292052763.0,2.79
2026-04-30,2026,Andalus Bank,6.0,565673363.0,7.21
2026-04-30,2025,Libyan Islamic Bank,9.0,462073809.0,4.42
2026-04-30,2026,Libyan Islamic Bank,7.0,447044773.0,5.7
2026-04-30,2025,National Union Bank,20.0,30438801.0,0.29
2026-04-30,2026,National Union Bank,8.0,425522761.0,5.42
2026-04-30,2025,National Commercial,2.0,1523058223.0,14.56
2026-04-30,2026,National Commercial,9.0,411433930.0,5.24
2026-04-30,2025,Yaqeen Bank,13.0,277612544.0,2.65
2026-04-30,2026,Yaqeen Bank,10.0,373397670.0,4.76
2026-04-30,2025,Bank of Commerce and Trade,10.0,438680730.0,4.19
2026-04-30,2026,Bank of Commerce and Trade,11.0,319785072.0,4.08
2026-04-30,2025,First Gulf Libyan Bank,15.0,212959402.0,2.04
2026-04-30,2026,First Gulf Libyan Bank,12.0,213176757.0,2.72
2026-04-30,2025,Sahara Bank,11.0,334088564.0,3.19
2026-04-30,2026,Sahara Bank,13.0,194722445.0,2.48
2026-04-30,2025,United Bank for Commerce and Investment,5.0,684419174.0,6.54
2026-04-30,2026,United Bank for Commerce and Investment,14.0,187036532.0,2.38
2026-04-30,2025,Alwaha Bank,18.0,91854368.0,0.88
2026-04-30,2026,Alwaha Bank,15.0,180531624.0,2.3
2026-04-30,2025,Assaray Trade and Investment Bank,8.0,480636644.0,4.59
2026-04-30,2026,Assaray Trade and Investment Bank,16.0,148952615.0,1.9
2026-04-30,2025,Libyan Foreign Bank,14.0,275143710.0,2.63
2026-04-30,2026,Libyan Foreign Bank,17.0,122684897.0,1.56
2026-04-30,2025,Mediterranean Bank,17.0,92662324.0,0.89
2026-04-30,2026,Mediterranean Bank,18.0,118710792.0,1.51
2026-04-30,2025,Tadhamon Bank,16.0,94031775.0,0.9
2026-04-30,2026,Tadhamon Bank,19.0,76493846.0,0.97
2026-04-30,2025,Arab Investment Islamic Bank,19.0,38768497.0,0.37
2026-04-30,2026,Arab Investment Islamic Bank,20.0,50614006.0,0.65
2026-04-30,2025,Alwafa Bank,21.0,11690030.0,0.11
2026-04-30,2026,Alwafa Bank,21.0,36164808.0,0.46
2026-04-30,2025,Islamic Finance Bank,,,
2026-04-30,2026,Islamic Finance Bank,22.0,9489954.0,0.12
2026-04-30,2025,Danam Islamic Bank,,,
2026-04-30,2026,Danam Islamic Bank,23.0,2162481.0,0.03
2026-04-30,2025,Al Seraj Islamic Bank,,,
2026-04-30,2026,Al Seraj Islamic Bank,24.0,1186727.0,0.02
2026-07-31,2025,Jumhouria Bank,3.0,1433834669.0,9.35
2026-07-31,2026,Jumhouria Bank,1.0,2672944976.0,16.72
2026-07-31,2025,Aman Bank for Trade and Investment,1.0,2778277104.0,18.12
2026-07-31,2026,Aman Bank for Trade and Investment,2.0,1758633004.0,11.0
2026-07-31,2025,Wahda Bank,4.0,1363496200.0,8.89
2026-07-31,2026,Wahda Bank,3.0,1305747680.0,8.17
2026-07-31,2025,National Commercial Bank,2.0,2006938037.0,13.09
2026-07-31,2026,National Commercial Bank,4.0,1235158049.0,7.73
2026-07-31,2025,Nuran Bank,6.0,894616508.0,5.83
2026-07-31,2026,Nuran Bank,5.0,1042520682.0,6.52
2026-07-31,2025,National Union Bank,19.0,108599906.0,0.71
2026-07-31,2026,National Union Bank,6.0,1026369938.0,6.42
2026-07-31,2025,North African Bank,7.0,809866633.0,5.28
2026-07-31,2026,North African Bank,7.0,1005890470.0,6.29
2026-07-31,2025,Andalus Bank,13.0,433640093.0,2.83
2026-07-31,2026,Andalus Bank,8.0,862022668.0,5.39
2026-07-31,2025,Libyan Islamic Bank,10.0,658442494.0,4.29
2026-07-31,2026,Libyan Islamic Bank,9.0,831035686.0,5.2
2026-07-31,2025,Yaqeen Bank,12.0,439202935.0,2.86
2026-07-31,2026,Yaqeen Bank,10.0,689010097.0,4.31
2026-07-31,2025,Bank of Commerce and Development,9.0,761626126.0,4.97
2026-07-31,2026,Bank of Commerce and Development,11.0,541205799.0,3.39
2026-07-31,2025,Assaray Trade and Investment Bank,8.0,786032056.0,5.13
2026-07-31,2026,Assaray Trade and Investment Bank,12.0,446904587.0,2.8
2026-07-31,2025,United Bank for Commerce and Investment,5.0,910631356.0,5.94
2026-07-31,2026,United Bank for Commerce and Investment,13.0,441460164.0,2.76
2026-07-31,2025,Sahara Bank,11.0,571193039.0,3.72
2026-07-31,2026,Sahara Bank,14.0,427316262.0,2.67
2026-07-31,2025,Alwaha Bank,18.0,119300023.0,0.78
2026-07-31,2026,Alwaha Bank,15.0,400407827.0,2.5
2026-07-31,2025,First Gulf Libyan Bank,15.0,350437793.0,2.29
2026-07-31,2026,First Gulf Libyan Bank,16.0,343765606.0,2.15
2026-07-31,2025,Mediterranean Bank,17.0,195957469.0,1.28
2026-07-31,2026,Mediterranean Bank,17.0,301146781.0,1.88
2026-07-31,2025,Tadhamon Bank,16.0,224052087.0,1.46
2026-07-31,2026,Tadhamon Bank,18.0,246610875.0,1.54
2026-07-31,2025,Libyan Foreign Bank,14.0,352389962.0,2.3
2026-07-31,2026,Libyan Foreign Bank,19.0,124856066.0,0.78
2026-07-31,2025,Arab Investment Islamic Bank,20.0,105903445.0,0.69
2026-07-31,2026,Arab Investment Islamic Bank,20.0,119916964.0,0.75
2026-07-31,2025,Alwafa Bank,21.0,31931168.0,0.21
2026-07-31,2026,Alwafa Bank,21.0,106240878.0,0.66
2026-07-31,2025,Islamic Finance Bank,,,
2026-07-31,2026,Islamic Finance Bank,22.0,34127497.0,0.21
2026-07-31,2025,Daman Islamic Bank,,,
2026-07-31,2026,Daman Islamic Bank,23.0,20385663.0,0.13
2026-07-31,2025,Al Seraj Islamic Bank,,,
2026-07-31,2026,Al Seraj Islamic Bank,24.0,3931689.0,0.02
2025-06-30,2024,Aman Bank for Trade and Investment,2.0,1276256312.0,13.5
2025-06-30,2025,Aman Bank for Trade and Investment,1.0,2560700258.0,19.0
2025-06-30,2024,National Commercial Bank,1.0,1497213905.0,15.9
2025-06-30,2025,National Commercial Bank,2.0,1903240829.0,14.1
2025-06-30,2024,Jumhouria Bank,3.0,1244220069.0,13.2
2025-06-30,2025,Jumhouria Bank,3.0,1296605761.0,9.6
2025-06-30,2024,Wahda Bank,4.0,889186707.0,9.4
2025-06-30,2025,Wahda Bank,4.0,1054155199.0,7.8
2025-06-30,2024,United Bank for Commerce and Investment,6.0,616205011.0,6.5
2025-06-30,2025,United Bank for Commerce and Investment,5.0,853014939.0,6.3
2025-06-30,2024,Nuran Bank,5.0,832094487.0,8.8
2025-06-30,2025,Nuran Bank,6.0,807792553.0,6.0
2025-06-30,2024,North African Bank,11.0,355583854.0,3.8
2025-06-30,2025,North African Bank,7.0,697575103.0,5.2
2025-06-30,2024,Assaray Trade and Investment,13.0,234476154.0,2.5
2025-06-30,2025,Assaray Trade and Investment,8.0,658463437.0,4.9
2025-06-30,2024,Bank of Commerce and Development,9.0,467440650.0,5.0
2025-06-30,2025,Bank of Commerce and Development,9.0,580556707.0,4.3
2025-06-30,2024,Libyan Islamic Bank,7.0,588259853.0,6.2
2025-06-30,2025,Libyan Islamic Bank,10.0,579747635.0,4.3
2025-06-30,2024,Sahara Bank,8.0,470463046.0,5.0
2025-06-30,2025,Sahara Bank,11.0,491531064.0,3.6
2025-06-30,2024,Yaqeen Bank,20.0,-587623.0,0.0
2025-06-30,2025,Yaqeen Bank,12.0,384878594.0,2.9
2025-06-30,2024,Andalus Bank,10.0,383919486.0,4.1
2025-06-30,2025,Andalus Bank,13.0,377722804.0,2.8
2025-06-30,2024,Libyan Foreign Bank,17.0,30121902.0,0.3
2025-06-30,2025,Libyan Foreign Bank,14.0,338206643.0,2.5
2025-06-30,2024,First Gulf Libyan Bank,12.0,280726044.0,3.0
2025-06-30,2025,First Gulf Libyan Bank,15.0,293351488.0,2.2
2025-06-30,2024,Tadhamon Bank,15.0,84787811.0,0.9
2025-06-30,2025,Tadhamon Bank,16.0,171194775.0,1.3
2025-06-30,2024,Mediterranean Bank,16.0,61517768.0,0.7
2025-06-30,2025,Mediterranean Bank,17.0,154492902.0,1.1
2025-06-30,2024,Alwaha Bank,14.0,96874204.0,1.0
2025-06-30,2025,Alwaha Bank,18.0,110018119.0,0.8
2025-06-30,2024,National Union Bank,19.0,0.0,0.0
2025-06-30,2025,National Union Bank,19.0,84830692.0,0.6
2025-06-30,2024,Arab Investment Islamic Bank,,0.0,
2025-06-30,2025,Arab Investment Islamic Bank,20.0,84254751.0,0.6
2025-06-30,2024,Alwafa Bank,18.0,19123796.0,0.2
2025-06-30,2025,Alwafa Bank,21.0,19848739.0,0.15
2026-06-30,2025,Jumhouria Bank,3.0,1296605761.0,9.6
2026-06-30,2026,Jumhouria Bank,1.0,2400218910.0,17.23
2026-06-30,2025,Aman Bank for Trade and Investment,1.0,2560700258.0,18.97
2026-06-30,2026,Aman Bank for Trade and Investment,2.0,1524784811.0,10.94
2026-06-30,2025,Wahda Bank,4.0,1054155199.0,7.81
2026-06-30,2026,Wahda Bank,3.0,1097723808.0,7.88
2026-06-30,2025,National Commercial Bank,2.0,1903240829.0,14.1
2026-06-30,2026,National Commercial Bank,4.0,1086281924.0,7.8
2026-06-30,2025,Nuran Bank,6.0,807792553.0,5.98
2026-06-30,2026,Nuran Bank,5.0,917655473.0,6.59
2026-06-30,2025,North African Bank,7.0,697575103.0,5.17
2026-06-30,2026,North African Bank,6.0,915742673.0,6.57
2026-06-30,2025,National Union Bank,19.0,84830692.0,0.63
2026-06-30,2026,National Union Bank,7.0,821552012.0,5.9
2026-06-30,2025,Andalus Bank,13.0,377722804.0,2.8
2026-06-30,2026,Andalus Bank,8.0,787196262.0,5.65
2026-06-30,2025,Libyan Islamic Bank,10.0,579747635.0,4.29
2026-06-30,2026,Libyan Islamic Bank,9.0,732298128.0,5.26
2026-06-30,2025,Yaqeen Bank,12.0,384878594.0,2.85
2026-06-30,2026,Yaqeen Bank,10.0,612965614.0,4.4
2026-06-30,2025,Bank of Commerce and Development,9.0,580556707.0,4.3
2026-06-30,2026,Bank of Commerce and Development,11.0,455563251.0,3.27
2026-06-30,2025,Alwaha Bank,18.0,110018119.0,0.81
2026-06-30,2026,Alwaha Bank,12.0,371874190.0,2.67
2026-06-30,2025,United Bank for Commerce and Investment,5.0,853014939.0,6.32
2026-06-30,2026,United Bank for Commerce and Investment,13.0,368915655.0,2.65
2026-06-30,2025,Sahara Bank,11.0,491531064.0,3.64
2026-06-30,2026,Sahara Bank,14.0,368638552.0,2.65
2026-06-30,2025,Assaray Trade and Investment Bank,8.0,658463437.0,4.88
2026-06-30,2026,Assaray Trade and Investment Bank,15.0,368569932.0,2.65
2026-06-30,2025,First Gulf Libyan Bank,15.0,293351488.0,2.17
2026-06-30,2026,First Gulf Libyan Bank,16.0,310388261.0,2.23
2026-06-30,2025,Mediterranean Bank,17.0,154492902.0,1.14
2026-06-30,2026,Mediterranean Bank,17.0,247916907.0,1.78
2026-06-30,2025,Tadhamon Bank,16.0,171194775.0,1.27
2026-06-30,2026,Tadhamon Bank,18.0,215220999.0,1.54
2026-06-30,2025,Libyan Foreign Bank,14.0,338206643.0,2.5
2026-06-30,2026,Libyan Foreign Bank,19.0,124856066.0,0.9
2026-06-30,2025,Arab Investment Islamic Bank,20.0,84254751.0,0.62
2026-06-30,2026,Arab Investment Islamic Bank,20.0,90951165.0,0.65
2026-06-30,2025,Alwafa Bank,21.0,19848739.0,0.15
2026-06-30,2026,Alwafa Bank,21.0,76724535.0,0.55
2026-06-30,2025,Islamic Finance Bank,22.0,0.0,0.0
2026-06-30,2026,Islamic Finance Bank,22.0,18935683.0,0.14
2026-06-30,2025,Daman Islamic Bank,23.0,0.0,0.0
2026-06-30,2026,Daman Islamic Bank,23.0,15466848.0,0.11
2026-06-30,2025,Al Seraj Islamic Bank,24.0,0.0,0.0
2026-06-30,2026,Al Seraj Islamic Bank,24.0,2287628.0,0.02
2026-05-31,2025,Jumhouria Bank,3.0,1169136456.0,9.79
2026-05-31,2026,Jumhouria Bank,1.0,1926723619.0,17.62
2026-05-31,2025,Aman Bank for Trade and Investment,1.0,2341417556.0,19.6
2026-05-31,2026,Aman Bank for Trade and Investment,2.0,1239937938.0,11.34
2026-05-31,2025,Wahda Bank,4.0,850731358.0,7.12
2026-05-31,2026,Wahda Bank,3.0,855733115.0,7.82
2026-05-31,2025,National Commercial Bank,2.0,1696682092.0,14.21
2026-05-31,2026,National Commercial Bank,4.0,768420028.0,7.03
2026-05-31,2025,North African Bank,7.0,614171180.0,5.14
2026-05-31,2026,North African Bank,5.0,749118286.0,6.85
2026-05-31,2025,Nuran Bank,6.0,730384060.0,6.12
2026-05-31,2026,Nuran Bank,6.0,733198244.0,6.7
2026-05-31,2025,Andalus Bank,12.0,337894536.0,2.83
2026-05-31,2026,Andalus Bank,7.0,668043949.0,6.11
2026-05-31,2025,National Union Bank,19.0,64843577.0,0.54
2026-05-31,2026,National Union Bank,8.0,594351876.0,5.43
2026-05-31,2025,Libyan Islamic Bank,9.0,521916530.0,4.37
2026-05-31,2026,Libyan Islamic Bank,9.0,578185337.0,5.29
2026-05-31,2025,Yaqeen Bank,13.0,324203668.0,2.71
2026-05-31,2026,Yaqeen Bank,10.0,472711975.0,4.32
2026-05-31,2025,Bank of Commerce and Development,10.0,512475099.0,4.29
2026-05-31,2026,Bank of Commerce and Development,11.0,387549261.0,3.54
2026-05-31,2025,Alwaha Bank,18.0,102754606.0,0.86
2026-05-31,2026,Alwaha Bank,12.0,298962333.0,2.73
2026-05-31,2025,Sahara Bank,11.0,419567575.0,3.51
2026-05-31,2026,Sahara Bank,13.0,270433239.0,2.47
2026-05-31,2025,United Bank for Commerce and Investment,8.0,575829607.0,4.82
2026-05-31,2026,United Bank for Commerce and Investment,14.0,268577480.0,2.46
2026-05-31,2025,Assaray Trade and Investment Bank,5.0,775237562.0,6.49
2026-05-31,2026,Assaray Trade and Investment Bank,15.0,260946770.0,2.39
2026-05-31,2025,First Gulf Libyan Bank,15.0,251884724.0,2.11
2026-05-31,2026,First Gulf Libyan Bank,16.0,254620362.0,2.33
2026-05-31,2025,Mediterranean Bank,17.0,124257815.0,1.04
2026-05-31,2026,Mediterranean Bank,17.0,181898056.0,1.66
2026-05-31,2025,Tadhamon Bank,16.0,130666932.0,1.09
2026-05-31,2026,Tadhamon Bank,18.0,160646858.0,1.47
2026-05-31,2025,Libyan Foreign Bank,14.0,319944490.0,2.68
2026-05-31,2026,Libyan Foreign Bank,19.0,122684897.0,1.12
2026-05-31,2025,Arab Investment Islamic Bank,20.0,63574977.0,0.53
2026-05-31,2026,Arab Investment Islamic Bank,20.0,63843489.0,0.58
2026-05-31,2025,Alwafa Bank,21.0,15531115.0,0.13
2026-05-31,2026,Alwafa Bank,21.0,55303614.0,0.51
2026-05-31,2025,Islamic Finance Bank,,,0.0
2026-05-31,2026,Islamic Finance Bank,22.0,18927726.0,0.17
2026-05-31,2025,Daman Islamic Bank,,,0.0
2026-05-31,2026,Daman Islamic Bank,23.0,5107718.0,0.05
2026-05-31,2025,Al Seraj Islamic Bank,,,0.0
2026-05-31,2026,Al Seraj Islamic Bank,24.0,1403287.0,0.01
2025-11-30,2024,Aman Bank for Trade and Investment,2.0,2990556211.0,15.7
2025-11-30,2025,Aman Bank for Trade and Investment,1.0,3563094913.0,15.8
2025-11-30,2024,National Commercial Bank,1.0,3313641261.0,17.4
2025-11-30,2025,National Commercial Bank,2.0,2458212887.0,10.9
2025-11-30,2024,Wahda Bank,5.0,1659813761.0,8.7
2025-11-30,2025,Wahda Bank,3.0,2261993955.0,10.0
2025-11-30,2024,Jumhouria Bank,3.0,2089782607.0,10.9
2025-11-30,2025,Jumhouria Bank,4.0,2194295702.0,9.7
2025-11-30,2024,Nuran Bank,4.0,1667353764.0,8.7
2025-11-30,2025,Nuran Bank,5.0,1284606789.0,5.7
2025-11-30,2024,United Bank for Commerce and Investment,6.0,1150484454.0,6.0
2025-11-30,2025,United Bank for Commerce and Investment,6.0,1178995475.0,5.2
2025-11-30,2024,North African Bank,11.0,695466511.0,3.6
2025-11-30,2025,North African Bank,7.0,1175735053.0,5.2
2025-11-30,2024,Bank of Commerce and,8.0,1007048030.0,5.3
2025-11-30,2025,Bank of Commerce and,8.0,1117083290.0,5.0
2025-11-30,2024,Libyan Islamic Bank,7.0,1129180594.0,5.9
2025-11-30,2025,Libyan Islamic Bank,9.0,1106924319.0,4.9
2025-11-30,2024,Assaray Trade and Investment Bank,12.0,567724565.0,3.0
2025-11-30,2025,Assaray Trade and Investment Bank,10.0,1079690736.0,4.8
2025-11-30,2024,Sahara Bank,9.0,791247310.0,4.1
2025-11-30,2025,Sahara Bank,11.0,1013169075.0,4.5
2025-11-30,2024,Andalus Bank,10.0,755350443.0,4.0
2025-11-30,2025,Andalus Bank,12.0,727352337.0,3.2
2025-11-30,2024,Yaqeen Bank,17.0,134708775.0,0.7
2025-11-30,2025,Yaqeen Bank,13.0,709129864.0,3.1
2025-11-30,2024,Libyan Foreign Bank,14.0,172144989.0,0.9
2025-11-30,2025,Libyan Foreign Bank,14.0,537168426.0,2.4
2025-11-30,2024,First Gulf Libyan Bank,13.0,526062081.0,2.8
2025-11-30,2025,First Gulf Libyan Bank,15.0,478830178.0,2.1
2025-11-30,2024,Tadhamon Bank,15.0,153513684.0,0.8
2025-11-30,2025,Tadhamon Bank,16.0,459284739.0,2.0
2025-11-30,2024,Mediterranean Bank,18.0,104952131.0,0.5
2025-11-30,2025,Mediterranean Bank,17.0,373923342.0,1.7
2025-11-30,2024,Alwaha Bank,16.0,150420217.0,0.8
2025-11-30,2025,Alwaha Bank,18.0,261156925.0,1.2
2025-11-30,2024,National Union Bank,21.0,108000.0,0.0
2025-11-30,2025,National Union Bank,19.0,213206204.0,0.9
2025-11-30,2024,Arab Investment Islamic Bank,20.0,8654923.0,0.0
2025-11-30,2025,Arab Investment Islamic Bank,20.0,202510494.0,0.9
2025-11-30,2024,Alwafa Bank,19.0,29154406.0,0.2
2025-11-30,2025,Alwafa Bank,21.0,110419700.0,0.5
2025-11-30,2024,Islamic Finance Bank,,,
2025-11-30,2025,Islamic Finance Bank,22.0,10493847.0,0.05
2025-09-30,2024,Aman Bank for Trade and Investment,2.0,2070723542.0,14.6
2025-09-30,2025,Aman Bank for Trade and Investment,1.0,3254625725.0,17.3
2025-09-30,2024,National Commercial Bank,1.0,2328442913.0,16.4
2025-09-30,2025,National Commercial Bank,2.0,2289308759.0,12.2
2025-09-30,2024,Jumhouria Bank,3.0,1602096675.0,11.3
2025-09-30,2025,Jumhouria Bank,3.0,1743106568.0,9.3
2025-09-30,2024,Wahda Bank,5.0,1229998646.0,8.7
2025-09-30,2025,Wahda Bank,4.0,1610571105.0,8.6
2025-09-30,2024,United Bank for Commerce and Investment,7.0,864058920.0,6.1
2025-09-30,2025,United Bank for Commerce and Investment,5.0,1059572926.0,5.6
2025-09-30,2024,Nuran Bank,4.0,1266367553.0,8.9
2025-09-30,2025,Nuran Bank,6.0,1054661265.0,5.6
2025-09-30,2024,North African Bank,11.0,537833056.0,3.8
2025-09-30,2025,North African Bank,7.0,1020227240.0,5.4
2025-09-30,2024,Assaray Trade and Investment,12.0,420789244.0,3.0
2025-09-30,2025,Assaray Trade and Investment,8.0,911917708.0,4.9
2025-09-30,2024,Libyan Islamic Bank,6.0,872733684.0,6.1
2025-09-30,2025,Libyan Islamic Bank,9.0,893807176.0,4.8
2025-09-30,2024,Bank of Commerce and Development,8.0,759435349.0,5.4
2025-09-30,2025,Bank of Commerce and Development,10.0,842298411.0,4.5
2025-09-30,2024,Sahara Bank,9.0,664001404.0,4.7
2025-09-30,2025,Sahara Bank,11.0,768417468.0,4.1
2025-09-30,2024,Yaqeen Bank,18.0,66777979.0,0.5
2025-09-30,2025,Yaqeen Bank,12.0,613847402.0,3.3
2025-09-30,2024,Andalus Bank,10.0,587668884.0,4.1
2025-09-30,2025,Andalus Bank,13.0,603225340.0,3.2
2025-09-30,2024,First Gulf Libyan Bank,13.0,404131757.0,2.8
2025-09-30,2025,First Gulf Libyan Bank,14.0,434500067.0,2.3
2025-09-30,2024,Libyan Foreign Bank,14.0,144943902.0,1.0
2025-09-30,2025,Libyan Foreign Bank,15.0,424250527.0,2.3
2025-09-30,2024,Tadhamon Bank,16.0,124144096.0,0.9
2025-09-30,2025,Tadhamon Bank,16.0,372021004.0,2.0
2025-09-30,2024,Mediterranean Bank,17.0,91089830.0,0.6
2025-09-30,2025,Mediterranean Bank,17.0,270484605.0,1.4
2025-09-30,2024,Alwaha Bank,15.0,130651232.0,0.9
2025-09-30,2025,Alwaha Bank,18.0,178853210.0,1.0
2025-09-30,2024,National Union Bank,21.0,4000.0,0.0
2025-09-30,2025,National Union Bank,19.0,162336059.0,0.9
2025-09-30,2024,Arab Investment Islamic Bank,20.0,3723768.0,0.0
2025-09-30,2025,Arab Investment Islamic Bank,20.0,153474165.0,0.8
2025-09-30,2024,Alwafa Bank,19.0,24314646.0,0.2
2025-09-30,2025,Alwafa Bank,21.0,88468188.0,0.5
2025-09-30,2024,Islamic Finance Bank,,,
2025-09-30,2025,Islamic Finance Bank,22.0,10493847.0,0.1
2025-08-31,2024,Aman Bank for Trade and Investment,2.0,1965807285.0,14.7
2025-08-31,2025,Aman Bank for Trade and Investment,1.0,3019710410.0,17.5
2025-08-31,2024,National Commercial Bank,1.0,2239040149.0,16.7
2025-08-31,2025,National Commercial Bank,2.0,2174154421.0,12.6
2025-08-31,2024,Jumhouria Bank,3.0,1523691614.0,11.4
2025-08-31,2025,Jumhouria Bank,3.0,1571899256.0,9.1
2025-08-31,2024,Wahda Bank,4.0,1174324302.0,8.8
2025-08-31,2025,Wahda Bank,4.0,1525814441.0,8.9
2025-08-31,2024,Nuran Bank,5.0,1168204191.0,8.7
2025-08-31,2025,Nuran Bank,5.0,986634318.0,5.7
2025-08-31,2024,United Bank for Commerce and Investment,6.0,806151385.0,6.0
2025-08-31,2025,United Bank for Commerce and Investment,6.0,978837063.0,5.7
2025-08-31,2024,North African Bank,11.0,490028234.0,3.7
2025-08-31,2025,North African Bank,7.0,919854966.0,5.3
2025-08-31,2024,Assaray Trade and Investment,12.0,383109477.0,2.9
2025-08-31,2025,Assaray Trade and Investment,8.0,870017034.0,5.0
2025-08-31,2024,Bank of Commerce and Development,8.0,748930102.0,5.6
2025-08-31,2025,Bank of Commerce and Development,9.0,812383195.0,4.7
2025-08-31,2024,Libyan Islamic Bank,7.0,800628559.0,6.0
2025-08-31,2025,Libyan Islamic Bank,10.0,758718894.0,4.4
2025-08-31,2024,Sahara Bank,9.0,647922780.0,4.8
2025-08-31,2025,Sahara Bank,11.0,694506774.0,4.0
2025-08-31,2024,Yaqeen Bank,18.0,66971465.0,0.5
2025-08-31,2025,Yaqeen Bank,12.0,530186644.0,3.1
2025-08-31,2024,Andalus Bank,10.0,536301879.0,4.0
2025-08-31,2025,Andalus Bank,13.0,490916604.0,2.85
2025-08-31,2024,Libyan Foreign Bank,16.0,108479444.0,0.8
2025-08-31,2025,Libyan Foreign Bank,14.0,413595194.0,2.4
2025-08-31,2024,First Gulf Libyan Bank,13.0,373227959.0,2.8
2025-08-31,2025,First Gulf Libyan Bank,15.0,402304462.0,2.3
2025-08-31,2024,Tadhamon Bank,15.0,113035878.0,0.8
2025-08-31,2025,Tadhamon Bank,16.0,318112765.0,1.8
2025-08-31,2024,Mediterranean Bank,17.0,81992660.0,0.6
2025-08-31,2025,Mediterranean Bank,17.0,253864505.0,1.5
2025-08-31,2024,Alwaha Bank,14.0,126307278.0,0.9
2025-08-31,2025,Alwaha Bank,18.0,172413014.0,1.0
2025-08-31,2024,National Union Bank,20.0,4000.0,0.0
2025-08-31,2025,National Union Bank,19.0,139224342.0,0.8
2025-08-31,2024,Arab Investment Islamic Bank,,,
2025-08-31,2025,Arab Investment Islamic Bank,20.0,137274306.0,0.8
2025-08-31,2024,Alwafa Bank,19.0,23181844.0,0.2
2025-08-31,2025,Alwafa Bank,21.0,54806864.0,0.3
2025-08-31,2024,Islamic Finance Bank,,,
2025-08-31,2025,Islamic Finance Bank,22.0,10493847.0,0.06
2025-12-31,2024,Aman Bank for Trade and Investment,2.0,3706678719.0,16.3
2025-12-31,2025,Aman Bank for Trade and Investment,1.0,3793948336.0,15.4
2025-12-31,2024,National Commercial Bank,1.0,4001331745.0,17.6
2025-12-31,2025,National Commercial Bank,2.0,2541189535.0,10.3
2025-12-31,2024,Jumhouria Bank,3.0,2415696911.0,10.6
2025-12-31,2025,Jumhouria Bank,3.0,2408387214.0,9.8
2025-12-31,2024,Wahda Bank,4.0,1927174736.0,8.5
2025-12-31,2025,Wahda Bank,4.0,2283894155.0,9.3
2025-12-31,2024,Nuran Bank,5.0,1905915339.0,8.4
2025-12-31,2025,Nuran Bank,5.0,1427153775.0,5.8
2025-12-31,2024,North African Bank,11.0,780230400.0,3.4
2025-12-31,2025,North African Bank,6.0,1321183719.0,5.4
2025-12-31,2024,Libyan Islamic Bank,8.0,1302330302.0,5.7
2025-12-31,2025,Libyan Islamic Bank,7.0,1288835669.0,5.2
2025-12-31,2024,Assaray Trade and Investment Bank,12.0,669050750.0,2.9
2025-12-31,2025,Assaray Trade and Investment Bank,8.0,1253263607.0,5.1
2025-12-31,2024,Bank of Commerce and Development,7.0,1371841422.0,6.0
2025-12-31,2025,Bank of Commerce and Development,9.0,1239396573.0,5.0
2025-12-31,2024,United Bank for Commerce and Investment,6.0,1384839169.0,6.1
2025-12-31,2025,United Bank for Commerce and Investment,10.0,1146178011.0,4.7
2025-12-31,2024,Sahara Bank,9.0,856935930.0,3.8
2025-12-31,2025,Sahara Bank,11.0,1143660597.0,4.7
2025-12-31,2024,Andalus Bank,10.0,839089232.0,3.7
2025-12-31,2025,Andalus Bank,12.0,852506481.0,3.5
2025-12-31,2024,Yaqeen Bank,15.0,199852914.0,0.9
2025-12-31,2025,Yaqeen Bank,13.0,779768871.0,3.2
2025-12-31,2024,Libyan Foreign Bank,14.0,214834243.0,0.9
2025-12-31,2025,Libyan Foreign Bank,14.0,591656142.0,2.4
2025-12-31,2024,Tadhamon Bank,16.0,184227971.0,0.8
2025-12-31,2025,Tadhamon Bank,15.0,541613169.0,2.2
2025-12-31,2024,First Gulf Libyan Bank,13.0,582892636.0,2.6
2025-12-31,2025,First Gulf Libyan Bank,16.0,530483457.0,2.2
2025-12-31,2024,Mediterranean Bank,18.0,123767270.0,0.5
2025-12-31,2025,Mediterranean Bank,17.0,389901331.0,1.6
2025-12-31,2024,National Union Bank,21.0,6461769.0,0.0
2025-12-31,2025,National Union Bank,18.0,379424253.0,1.5
2025-12-31,2024,Alwaha Bank,17.0,182344356.0,0.8
2025-12-31,2025,Alwaha Bank,19.0,298933251.0,1.2
2025-12-31,2024,Arab Investment Islamic Bank,20.0,19797069.0,0.1
2025-12-31,2025,Arab Investment Islamic Bank,20.0,226647403.0,0.9
2025-12-31,2024,Alwafa Bank,19.0,34860529.0,0.2
2025-12-31,2025,Alwafa Bank,21.0,126382907.0,0.5
2025-12-31,2024,Islamic Finance Bank,,,
2025-12-31,2025,Islamic Finance Bank,22.0,10500846.0,0.0
2025-12-31,2024,Daman Islamic Bank,,,
2025-12-31,2025,Daman Islamic Bank,23.0,199503.0,0.0
2025-07-31,2024,Aman Bank for Trade and Investment,2.0,1664581759.0,14.1
2025-07-31,2025,Aman Bank for Trade and Investment,1.0,2778277104.0,18.1
2025-07-31,2024,National Commercial Bank,1.0,1989495704.0,16.9
2025-07-31,2025,National Commercial Bank,2.0,2006938037.0,13.1
2025-07-31,2024,Jumhouria Bank,3.0,1388971253.0,11.8
2025-07-31,2025,Jumhouria Bank,3.0,1433834669.0,9.3
2025-07-31,2024,Wahda Bank,4.0,1071513076.0,9.1
2025-07-31,2025,Wahda Bank,4.0,1363496200.0,8.9
2025-07-31,2024,United Bank for Commerce and Investment,6.0,732458912.0,6.2
2025-07-31,2025,United Bank for Commerce and Investment,5.0,910631356.0,5.9
2025-07-31,2024,Nuran Bank,5.0,1054101415.0,9.0
2025-07-31,2025,Nuran Bank,6.0,894616508.0,5.8
2025-07-31,2024,North African Bank,11.0,434319353.0,3.7
2025-07-31,2025,North African Bank,7.0,809866633.0,5.3
2025-07-31,2024,Assaray Trade and Investment,13.0,306619949.0,2.6
2025-07-31,2025,Assaray Trade and Investment,8.0,786032056.0,5.1
2025-07-31,2024,Bank of Commerce and Development,8.0,632109328.0,5.4
2025-07-31,2025,Bank of Commerce and Development,9.0,761626126.0,5.0
2025-07-31,2024,Libyan Islamic Bank,7.0,709562365.0,6.0
2025-07-31,2025,Libyan Islamic Bank,10.0,658442494.0,4.3
2025-07-31,2024,Sahara Bank,9.0,563155864.0,4.8
2025-07-31,2025,Sahara Bank,11.0,571193039.0,3.7
2025-07-31,2024,Yaqeen Bank,18.0,33453265.0,0.3
2025-07-31,2025,Yaqeen Bank,12.0,439202935.0,2.9
2025-07-31,2024,Andalus Bank,10.0,475634877.0,4.0
2025-07-31,2025,Andalus Bank,13.0,433640093.0,2.8
2025-07-31,2024,Libyan Foreign Bank,17.0,71572279.0,0.6
2025-07-31,2025,Libyan Foreign Bank,14.0,352389962.0,2.3
2025-07-31,2024,First Gulf Libyan Bank,12.0,335309756.0,2.8
2025-07-31,2025,First Gulf Libyan Bank,15.0,350437793.0,2.3
2025-07-31,2024,Tadhamon Bank,15.0,97558518.0,0.8
2025-07-31,2025,Tadhamon Bank,16.0,224052087.0,1.5
2025-07-31,2024,Mediterranean Bank,16.0,76629072.0,0.7
2025-07-31,2025,Mediterranean Bank,17.0,195957469.0,1.3
2025-07-31,2024,Alwaha Bank,14.0,110035301.0,0.9
2025-07-31,2025,Alwaha Bank,18.0,119300023.0,0.8
2025-07-31,2024,National Union Bank,20.0,4000.0,0.0
2025-07-31,2025,National Union Bank,19.0,108599906.0,0.7
2025-07-31,2024,Arab Investment Islamic Bank,,,
2025-07-31,2025,Arab Investment Islamic Bank,20.0,105903445.0,0.69
2025-07-31,2024,Alwafa Bank,19.0,21349113.0,0.2
2025-07-31,2025,Alwafa Bank,21.0,31931168.0,0.2
2025-10-31,2024,Aman Bank for Trade and Investment,2.0,2545406253.0,15.1
2025-10-31,2025,Aman Bank for Trade and Investment,1.0,3314485087.0,16.2
2025-10-31,2024,National Commercial Bank,1.0,2787199380.0,16.5
2025-10-31,2025,National Commercial Bank,2.0,2389146410.0,11.7
2025-10-31,2024,Wahda Bank,5.0,1505763212.0,8.9
2025-10-31,2025,Wahda Bank,3.0,1967102183.0,9.6
2025-10-31,2024,Jumhouria Bank,3.0,1885744872.0,11.2
2025-10-31,2025,Jumhouria Bank,4.0,1927470747.0,9.4
2025-10-31,2024,Nuran Bank,4.0,1526423718.0,9.0
2025-10-31,2025,Nuran Bank,5.0,1188032899.0,5.8
2025-10-31,2024,United Bank for Commerce and Investment,7.0,1010740928.0,6.0
2025-10-31,2025,United Bank for Commerce and Investment,6.0,1109658136.0,5.4
2025-10-31,2024,North African Bank,11.0,625202917.0,3.7
2025-10-31,2025,North African Bank,7.0,1069956692.0,5.2
2025-10-31,2024,Bank of Commerce and,8.0,901231062.0,5.3
2025-10-31,2025,Bank of Commerce and,8.0,1005493934.0,4.9
2025-10-31,2024,Assaray Trade and Investment Bank,12.0,531255982.0,3.1
2025-10-31,2025,Assaray Trade and Investment Bank,9.0,985185370.0,4.8
2025-10-31,2024,Libyan Islamic Bank,6.0,1012605887.0,6.0
2025-10-31,2025,Libyan Islamic Bank,10.0,975409591.0,4.8
2025-10-31,2024,Sahara Bank,9.0,712917079.0,4.2
2025-10-31,2025,Sahara Bank,11.0,892100279.0,4.36
2025-10-31,2024,Andalus Bank,10.0,690210987.0,4.1
2025-10-31,2025,Andalus Bank,12.0,652477288.0,3.2
2025-10-31,2024,Yaqeen Bank,17.0,100040898.0,0.6
2025-10-31,2025,Yaqeen Bank,13.0,638681887.0,3.1
2025-10-31,2024,Libyan Foreign Bank,14.0,162717457.0,1.0
2025-10-31,2025,Libyan Foreign Bank,14.0,488314847.0,2.4
2025-10-31,2024,First Gulf Libyan Bank,13.0,494418548.0,2.9
2025-10-31,2025,First Gulf Libyan Bank,15.0,462595408.0,2.3
2025-10-31,2024,Tadhamon Bank,16.0,134738807.0,0.8
2025-10-31,2025,Tadhamon Bank,16.0,421135517.0,2.1
2025-10-31,2024,Mediterranean Bank,18.0,98671168.0,0.6
2025-10-31,2025,Mediterranean Bank,17.0,288790882.0,1.4
2025-10-31,2024,Alwaha Bank,15.0,141369717.0,0.8
2025-10-31,2025,Alwaha Bank,18.0,225677084.0,1.1
2025-10-31,2024,National Union Bank,21.0,36000.0,0.0
2025-10-31,2025,National Union Bank,19.0,192936272.0,0.9
2025-10-31,2024,Arab Investment Islamic Bank,20.0,7704223.0,0.0
2025-10-31,2025,Arab Investment Islamic Bank,20.0,185839583.0,0.9
2025-10-31,2024,Alwafa Bank,19.0,28235306.0,0.2
2025-10-31,2025,Alwafa Bank,21.0,95580872.0,0.5
2025-10-31,2024,Islamic Finance Bank,,,
2025-10-31,2025,Islamic Finance Bank,22.0,10493847.0,0.1
