date,year,month,currency_in_circulation,demand_deposits,money_m1,time_deposits,saving_deposits,quasi_money,money_supply_m2
2004-01-31,2004,1,2928.2,6144.7,9072.9,4781.6,642.5,5424.1,14497.0
2004-02-29,2004,2,2817.6,6116.6,8934.2,5211.8,646.9,5858.7,14792.9
2004-03-31,2004,3,2868.4,6100.6,8969.0,5428.1,654.8,6082.9,15051.9
2004-04-30,2004,4,2871.6,6489.9,9361.5,5345.6,655.9,6001.5,15363.0
2004-05-31,2004,5,2862.6,6660.6,9523.2,5059.2,658.0,5717.2,15240.4
2004-06-30,2004,6,2881.4,6958.2,9839.6,5052.7,668.5,5721.2,15560.8
2004-07-31,2004,7,2872.5,7051.9,9924.4,5111.7,668.2,5779.9,15704.3
2004-08-31,2004,8,2648.0,7311.4,9959.4,4831.3,687.6,5518.9,15478.3
2004-09-30,2004,9,2460.4,7528.7,9989.1,4561.1,695.1,5256.2,15245.3
2004-10-31,2004,10,2526.2,7741.3,10267.5,4687.0,695.7,5382.7,15650.2
2004-11-30,2004,11,2590.2,7687.7,10277.9,6882.1,698.6,7580.7,17858.6
2004-12-31,2004,12,2612.7,7923.9,10536.6,1883.8,715.1,2598.9,13135.5
2005-01-31,2005,1,2837.5,7863.8,10701.3,2001.2,714.1,2715.3,13416.6
2005-02-28,2005,2,2767.0,7879.6,10646.6,2085.9,714.6,2800.5,13447.1
2005-03-31,2005,3,2558.2,8444.5,11002.7,2117.4,723.8,2841.2,13843.9
2005-04-30,2005,4,2613.4,8271.4,10884.8,2169.7,717.1,2886.8,13771.6
2005-05-31,2005,5,2683.6,9229.0,11912.6,2338.5,711.1,3049.6,14962.2
2005-06-30,2005,6,2764.7,9385.7,12150.4,2356.6,704.6,3061.2,15211.6
2005-07-31,2005,7,2866.9,9312.1,12179.0,2463.0,699.0,3162.0,15341.0
2005-08-31,2005,8,2998.7,9531.8,12530.5,2411.7,695.5,3107.2,15637.7
2005-09-30,2005,9,2999.6,9775.9,12775.5,2323.3,691.0,3014.3,15789.8
2005-10-31,2005,10,3247.9,9729.8,12977.7,2374.3,690.9,3065.2,16042.9
2005-11-30,2005,11,3121.8,10432.3,13554.1,2308.2,689.7,2997.9,16552.0
2005-12-31,2005,12,3308.7,10719.4,14028.1,2368.2,700.0,3068.2,17096.3
2006-01-31,2006,1,3406.1,10740.5,14146.6,2556.4,687.5,3243.9,17390.5
2006-02-28,2006,2,3473.3,10445.1,13918.4,2805.0,682.7,3487.7,17406.1
2006-03-31,2006,3,3530.0,10127.0,13657.0,2623.4,674.3,3297.7,16954.7
2006-04-30,2006,4,3515.6,9792.4,13308.0,2746.4,667.5,3413.9,16721.9
2006-05-31,2006,5,3625.9,10845.4,14471.3,2674.7,663.0,3337.7,17809.0
2006-06-30,2006,6,3601.5,10717.7,14319.2,2671.0,661.8,3332.8,17652.0
2006-07-31,2006,7,3569.0,10928.1,14497.1,2782.4,654.0,3436.4,17933.5
2006-08-31,2006,8,3541.5,11459.3,15000.8,2531.1,650.4,3181.5,18182.3
2006-09-30,2006,9,3568.0,12116.5,15684.5,2503.6,648.8,3152.4,18836.9
2006-10-31,2006,10,3837.7,12539.7,16377.4,2416.5,650.3,3066.8,19444.2
2006-11-30,2006,11,3689.4,11943.8,15633.2,2584.4,641.6,3226.0,18859.2
2006-12-31,2006,12,3932.9,12410.1,16343.0,2662.0,650.9,3312.9,19655.9
2007-01-31,2007,1,3785.1,11492.9,15278.0,2613.9,641.4,3255.3,18533.3
2007-02-28,2007,2,3805.1,11338.5,15143.6,2857.9,639.9,3497.8,18641.4
2007-03-31,2007,3,3822.2,12470.9,16293.1,2780.9,638.3,3419.2,19712.3
2007-04-30,2007,4,3880.6,12797.0,16677.6,2870.1,636.7,3506.8,20184.4
2007-05-31,2007,5,3988.4,12594.3,16582.7,2940.2,630.2,3570.4,20153.1
2007-06-30,2007,6,4014.9,13194.2,17209.1,2961.1,613.8,3574.9,20784.0
2007-07-31,2007,7,4018.1,14160.7,18178.8,2780.2,627.9,3408.1,21586.9
2007-08-31,2007,8,4039.6,15596.9,19636.5,2845.5,628.6,3474.1,23110.6
2007-09-30,2007,9,4164.5,15920.1,20084.6,2813.3,625.0,3438.3,23522.9
2007-10-31,2007,10,4254.8,17245.1,21499.9,2582.1,635.9,3218.0,24717.9
2007-11-30,2007,11,4242.8,17929.2,22172.0,3239.2,650.2,3889.4,26061.4
2007-12-31,2007,12,4581.2,18256.3,22837.5,3481.3,663.3,4144.6,26982.1
2008-01-31,2008,1,4556.6,18439.1,22995.7,2805.1,661.9,3467.0,26462.7
2008-02-29,2008,2,4788.3,17994.6,22782.9,3396.8,655.9,4052.7,26835.6
2008-03-31,2008,3,4968.8,18217.9,23186.7,3637.0,659.1,4296.1,27482.8
2008-04-30,2008,4,4921.0,21243.3,26164.3,4174.3,670.0,4844.3,31008.6
2008-05-31,2008,5,4972.0,22382.1,27354.1,3660.8,671.3,4332.1,31686.2
2008-06-30,2008,6,5015.4,25717.7,30733.1,3636.7,666.2,4302.9,35036.0
2008-07-31,2008,7,4975.2,25948.0,30923.2,3804.1,674.2,4478.3,35401.5
2008-08-31,2008,8,5085.1,26911.2,31996.3,3756.8,675.1,4431.9,36428.2
2008-09-30,2008,9,5387.9,28145.3,33533.2,4057.9,680.4,4738.3,38271.5
2008-10-31,2008,10,5207.7,27201.2,32408.9,4165.6,669.7,4835.3,37244.2
2008-11-30,2008,11,5238.8,29576.6,34815.4,4482.5,675.5,5158.0,39973.4
2008-12-31,2008,12,5608.3,28806.3,34414.6,4640.7,689.2,5329.9,39744.5
2009-01-31,2009,1,5595.1,26105.6,31700.7,4736.0,688.1,5424.1,37124.8
2009-02-28,2009,2,5701.0,25427.9,31128.9,5172.9,685.8,5858.7,36987.6
2009-03-31,2009,3,5714.0,24861.8,30575.8,5395.7,687.2,6082.9,36658.7
2009-04-30,2009,4,5764.1,27522.1,33286.2,5319.0,682.5,6001.5,39287.7
2009-05-31,2009,5,5809.6,28152.0,33961.6,5039.1,678.1,5717.2,39678.8
2009-06-30,2009,6,5958.7,28353.0,34311.7,5041.4,679.8,5721.2,40032.9
2009-07-31,2009,7,5935.1,29756.3,35691.4,5100.1,679.8,5779.9,41471.3
2009-08-31,2009,8,6133.2,30104.0,36237.2,4834.4,684.5,5518.9,41756.1
2009-09-30,2009,9,6484.9,31662.3,38147.2,4565.3,690.9,5256.2,43403.4
2009-10-31,2009,10,6312.4,31122.3,37434.7,4691.3,691.4,5382.7,42817.4
2009-11-30,2009,11,6782.4,32246.4,39028.8,4885.7,695.0,5580.7,44609.5
2009-12-31,2009,12,6962.9,31206.5,38169.4,5276.9,715.0,5991.9,44161.3
2010-01-31,2010,1,6848.5,30806.0,37654.5,5292.4,722.0,6014.4,43668.9
2010-02-28,2010,2,6917.8,31031.0,37948.8,4941.3,723.0,5664.3,43613.1
2010-03-31,2010,3,6879.1,31817.1,38696.2,4830.7,721.8,5552.5,44248.7
2010-04-30,2010,4,6898.6,26191.9,33090.5,5056.2,719.1,5775.3,38865.8
2010-05-31,2010,5,6957.9,27199.3,34157.2,4038.9,715.4,4754.3,38911.5
2010-06-30,2010,6,6860.7,28114.5,34975.2,4186.9,727.1,4914.0,39889.2
2010-07-31,2010,7,6876.7,28433.6,35310.3,4468.9,728.0,5196.9,40507.2
2010-08-31,2010,8,7056.0,31154.3,38210.3,4250.3,730.5,4980.8,43191.1
2010-09-30,2010,9,7274.8,30461.4,37736.2,4112.5,735.4,4847.9,42584.1
2010-10-31,2010,10,7058.2,30811.4,37869.6,4728.5,735.1,5463.6,43333.2
2010-11-30,2010,11,7370.1,32140.6,39510.7,4433.1,734.8,5167.9,44678.6
2010-12-31,2010,12,7609.0,33712.2,41321.2,4286.4,743.1,5029.5,46350.7
2011-01-31,2011,1,7634.3,32285.8,39920.1,3656.7,743.1,4399.8,44319.9
2011-02-28,2011,2,9607.7,32264.0,41871.7,4064.5,743.7,4808.2,46679.9
2011-03-31,2011,3,11317.6,31738.6,43056.2,4148.7,714.0,4862.7,47918.9
2011-04-30,2011,4,11923.0,32046.1,43969.1,3894.9,680.6,4575.5,48544.6
2011-05-31,2011,5,12515.7,32040.5,44556.2,3818.2,683.2,4501.4,49057.6
2011-06-30,2011,6,12642.0,32829.4,45471.4,3993.3,680.8,4674.1,50145.5
2011-07-31,2011,7,13151.4,32917.7,46069.1,3909.6,682.0,4591.6,50660.7
2011-08-31,2011,8,13149.7,33383.4,46533.1,4175.1,680.5,4855.6,51388.7
2011-09-30,2011,9,13920.0,36788.0,50708.0,3833.2,711.2,4544.4,55252.4
2011-10-31,2011,10,14693.3,37878.1,52571.4,3952.9,672.8,4625.7,57197.1
2011-11-30,2011,11,15238.6,37877.9,53116.5,3918.0,678.3,4596.3,57712.8
2011-12-31,2011,12,14840.1,38597.0,53437.1,3825.9,677.9,4503.8,57940.9
2012-01-31,2012,1,14362.4,38440.6,52803.0,3823.9,695.9,4519.8,57322.8
2012-02-29,2012,2,13786.2,38446.7,52232.9,3853.5,697.2,4550.7,56783.6
2012-03-31,2012,3,14534.2,37551.3,52085.5,3851.8,690.2,4542.0,56627.5
2012-04-30,2012,4,14668.5,39541.2,54209.7,3867.9,685.7,4553.6,58763.3
2012-05-31,2012,5,14764.6,39683.9,54448.5,3580.8,681.8,4262.6,58711.1
2012-06-30,2012,6,14921.8,40112.7,55034.5,3509.3,676.8,4186.1,59220.6
2012-07-31,2012,7,14623.6,41097.5,55721.1,4429.8,679.5,5109.3,60830.4
2012-08-31,2012,8,14868.1,40316.0,55184.1,4335.9,683.6,5019.5,60203.6
2012-09-30,2012,9,14094.7,40217.0,54311.7,4381.6,681.7,5063.3,59375.0
2012-10-31,2012,10,14138.5,41681.2,55819.7,4430.1,692.1,5122.2,60941.9
2012-11-30,2012,11,13510.3,42691.9,56202.2,4343.7,695.5,5039.2,61241.4
2012-12-31,2012,12,13391.1,45822.6,59213.7,3812.5,705.3,4517.8,63731.5
2013-01-31,2013,1,13448.7,46526.2,59974.9,3524.1,694.3,4218.4,64193.3
2013-02-28,2013,2,13981.2,46679.6,60660.8,2873.7,689.8,3563.5,64224.3
2013-03-31,2013,3,13685.8,45993.2,59679.0,3283.2,690.4,3973.6,63652.6
2013-04-30,2013,4,12868.0,46407.3,59275.3,3559.1,693.1,4252.2,63527.5
2013-05-31,2013,5,12283.0,46246.6,58529.6,3371.2,685.2,4056.4,62586.0
2013-06-30,2013,6,11814.8,47234.6,59049.4,3343.5,688.9,4032.4,63081.8
2013-07-31,2013,7,12920.8,50457.4,63378.2,3413.7,697.1,4110.8,67489.0
2013-08-31,2013,8,13294.0,49561.0,62855.0,3413.4,693.6,4107.0,66962.0
2013-09-30,2013,9,13054.9,49729.4,62784.3,3661.8,681.7,4343.5,67127.8
2013-10-31,2013,10,13304.3,50803.4,64107.7,3299.3,677.0,3976.3,68084.0
2013-11-30,2013,11,13264.3,51292.7,64557.0,3554.4,670.4,4224.8,68781.8
2013-12-31,2013,12,13419.9,50879.5,64299.4,4043.6,662.9,4706.5,69005.9
2014-01-31,2014,1,13579.1,51905.6,65484.7,2995.0,653.2,3648.2,69132.9
2014-02-28,2014,2,13707.3,52583.6,66290.9,2957.8,643.8,3601.6,69892.5
2014-03-31,2014,3,14286.5,51508.6,65795.1,2876.4,639.4,3515.8,69310.9
2014-04-30,2014,4,14537.7,50657.3,65195.0,2830.3,631.8,3462.1,68657.1
2014-05-31,2014,5,14905.0,50657.9,65562.9,2498.5,623.7,3122.2,68685.1
2014-06-30,2014,6,15246.7,49471.8,64718.5,3326.8,618.0,3944.8,68663.3
2014-07-31,2014,7,15993.3,50387.4,66380.7,2473.0,616.9,3089.9,69470.6
2014-08-31,2014,8,16785.0,50438.4,67223.4,2481.1,608.3,3089.4,70312.8
2014-09-30,2014,9,17447.1,49930.1,67377.2,2490.4,606.2,3096.6,70473.8
2014-10-31,2014,10,17414.8,50028.1,67442.9,2034.2,605.0,2639.2,70082.1
2014-11-30,2014,11,17074.1,50307.0,67381.1,2013.0,601.8,2614.8,69995.9
2014-12-31,2014,12,17169.7,49505.2,66674.9,2076.3,599.8,2676.1,69351.0
2015-01-31,2015,1,17915.9,51741.0,69656.9,1836.8,598.7,2435.5,72092.4
2015-02-28,2015,2,18106.3,49232.3,67338.6,1979.3,595.8,2575.1,69913.7
2015-03-31,2015,3,18113.2,47400.9,65514.1,2034.9,591.1,2626.0,68140.1
2015-04-30,2015,4,17968.1,47758.3,65726.4,1931.2,590.2,2521.4,68247.8
2015-05-31,2015,5,17906.8,49413.7,67320.5,1923.9,584.6,2508.5,69829.0
2015-06-30,2015,6,18068.5,49061.4,67129.9,1727.2,583.0,2310.2,69440.1
2015-07-31,2015,7,19067.8,51437.6,70505.4,1774.3,586.9,2361.2,72866.6
2015-08-31,2015,8,19542.5,51388.2,70930.7,1628.8,582.3,2211.1,73141.8
2015-09-30,2015,9,20780.1,52944.2,73724.3,1660.7,581.4,2242.1,75966.4
2015-10-31,2015,10,21389.2,52121.4,73510.6,1651.0,581.6,2232.6,75743.2
2015-11-30,2015,11,22067.0,52073.7,74140.7,1626.8,576.7,2203.5,76344.2
2015-12-31,2015,12,23007.3,53775.7,76783.0,1248.8,574.5,1823.3,78606.3
2016-01-31,2016,1,23833.9,54518.4,78352.3,1264.4,575.7,1840.1,80192.4
2016-02-29,2016,2,24357.6,54678.8,79036.4,1218.4,573.7,1792.1,80828.5
2016-03-31,2016,3,24717.1,56232.3,80949.5,1239.3,570.9,1810.2,82759.7
2016-04-30,2016,4,25063.7,57553.7,82617.4,1242.4,571.2,1813.6,84430.9
2016-05-31,2016,5,25376.1,57972.1,83348.3,1224.1,570.4,1794.5,85142.7
2016-06-30,2016,6,25803.0,59285.0,85088.0,1219.9,572.7,1792.6,86880.6
2016-07-31,2016,7,25982.9,60961.3,86944.2,1203.4,572.1,1775.5,88719.7
2016-08-31,2016,8,26068.4,60605.5,86673.9,1178.5,570.7,1749.2,88423.1
2016-09-30,2016,9,26180.9,61541.4,87722.3,1235.8,571.2,1807.0,89529.3
2016-10-31,2016,10,26452.5,62840.0,89292.4,1266.4,571.3,1837.7,91130.1
2016-11-30,2016,11,26806.4,64936.6,91743.0,1171.9,567.8,1739.6,93482.6
2016-12-31,2016,12,27103.2,67505.8,94609.0,1141.7,570.2,1711.9,96320.9
2017-01-31,2017,1,27271.3,67929.9,95201.2,1222.9,572.1,1795.0,96996.2
2017-02-28,2017,2,27560.9,69188.8,96749.7,1131.7,575.4,1707.1,98456.8
2017-03-31,2017,3,27845.2,70147.4,97992.6,1105.9,578.8,1684.7,99677.3
2017-04-30,2017,4,28097.6,72839.6,100937.2,1171.8,581.4,1753.2,102690.4
2017-05-31,2017,5,28209.1,73402.0,101611.1,1247.0,582.9,1829.9,103441.0
2017-06-30,2017,6,29039.0,74743.9,103782.9,1493.0,587.6,2080.6,105863.5
2017-07-31,2017,7,29198.5,75397.1,104595.6,1413.5,589.1,2002.6,106598.2
2017-08-31,2017,8,29830.5,77313.4,107143.9,1543.9,592.6,2136.5,109280.4
2017-09-30,2017,9,29765.4,76658.5,106423.9,1642.7,592.3,2235.0,108658.9
2017-10-31,2017,10,30255.5,75571.0,105826.5,1616.5,591.0,2207.6,108034.1
2017-11-30,2017,11,30627.3,77112.0,107739.2,1661.0,596.1,2257.1,109996.4
2017-12-31,2017,12,30865.2,78223.9,109089.1,2282.7,591.7,2874.4,111963.5
2018-01-31,2018,1,31070.9,80533.4,111604.3,1547.4,601.2,2148.6,113752.9
2018-02-28,2018,2,31454.3,79562.7,111017.0,1362.6,604.0,1966.6,112983.6
2018-03-31,2018,3,31781.1,78280.5,110061.6,1384.1,596.1,1980.2,112041.8
2018-04-30,2018,4,31827.1,80150.9,111978.0,1441.4,589.5,2030.9,114008.9
2018-05-31,2018,5,32388.8,83769.9,116158.7,2018.2,591.3,2609.5,118768.2
2018-06-30,2018,6,32964.1,83642.3,116606.4,1979.8,597.4,2577.2,119183.6
2018-07-31,2018,7,33635.0,84154.5,117789.5,1315.6,596.5,1912.1,119701.6
2018-08-31,2018,8,34720.7,87083.9,121804.6,1237.1,605.4,1842.5,123647.1
2018-09-30,2018,9,34827.5,87235.6,122063.1,1259.0,590.4,1849.4,123912.5
2018-10-31,2018,10,34400.6,81693.2,116093.8,1335.7,559.5,1895.2,117989.0
2018-11-30,2018,11,34489.5,79079.0,113568.5,1305.4,515.5,1820.9,115389.4
2018-12-31,2018,12,34732.6,74179.1,108911.7,1305.3,503.5,1808.8,110720.5
2019-01-31,2019,1,35261.5,75248.0,110509.5,1848.2,505.8,2354.0,112863.5
2019-02-28,2019,2,35581.3,73633.2,109214.5,2172.8,500.9,2673.7,111888.2
2019-03-31,2019,3,35244.8,72292.3,107537.1,1749.2,486.0,2235.2,109772.3
2019-04-30,2019,4,35374.0,72609.1,107983.1,2111.9,485.1,2597.0,110580.1
2019-05-31,2019,5,36236.9,72186.1,108423.1,2407.7,486.2,2893.9,111317.0
2019-06-30,2019,6,36368.9,72763.5,109132.4,2133.4,487.0,2620.4,111752.8
2019-07-31,2019,7,36052.6,72059.5,108112.1,1897.5,470.2,2367.7,110479.8
2019-08-31,2019,8,36633.0,72980.1,109613.1,2969.5,472.4,3441.9,113055.0
2019-09-30,2019,9,36038.8,71696.3,107735.1,2878.1,461.9,3340.0,111075.1
2019-10-31,2019,10,36382.0,70185.2,106567.2,3200.8,450.5,3651.3,110218.5
2019-11-30,2019,11,36959.2,69257.6,106216.8,2420.8,452.1,2872.9,109089.7
2019-12-31,2019,12,36724.2,68651.8,105376.0,2674.4,446.3,3120.7,108496.7
2020-01-31,2020,1,36080.4,68623.5,104703.9,3324.5,448.7,3773.2,108477.1
2020-02-29,2020,2,34607.8,64757.7,99365.5,3412.7,437.4,3850.1,103215.7
2020-03-31,2020,3,35223.9,67343.0,102566.9,3249.7,434.8,3684.4,106251.3
2020-04-30,2020,4,35475.5,68248.6,103724.1,3276.9,434.3,3711.2,107435.3
2020-05-31,2020,5,35823.5,71205.0,107028.5,3187.7,438.5,3626.3,110654.7
2020-06-30,2020,6,36203.1,72448.2,108651.3,3157.9,423.8,3581.7,112233.0
2020-07-31,2020,7,37663.8,76125.9,113789.7,2755.6,433.7,3189.3,116979.0
2020-08-31,2020,8,37721.4,75351.3,113072.7,2839.3,432.5,3271.8,116344.5
2020-09-30,2020,9,38280.0,77078.4,115358.4,2758.6,432.9,3191.5,118549.9
2020-10-31,2020,10,38843.1,78073.0,116916.1,2849.2,435.6,3284.8,120200.9
2020-11-30,2020,11,39217.6,79050.5,118268.1,2894.1,436.2,3330.3,121598.4
2020-12-31,2020,12,39732.0,83218.3,122950.3,2155.1,437.6,2592.7,125543.0
2021-01-31,2021,1,37378.7,73829.3,111208.0,2828.0,411.0,3239.0,114447.0
2021-02-28,2021,2,37702.1,75007.5,112709.6,2628.8,407.4,3036.2,115745.8
2021-03-31,2021,3,36492.0,73882.1,110374.1,2839.6,399.4,3239.0,113613.1
2021-04-30,2021,4,36312.8,75054.6,111367.4,2629.4,406.8,3036.2,114403.6
2021-05-31,2021,5,36143.4,72882.4,109025.8,2601.9,398.3,3000.2,112026.0
2021-06-30,2021,6,34374.7,73315.7,107690.4,2580.4,393.1,2973.5,110663.9
2021-07-31,2021,7,35192.2,72145.2,107337.4,2526.3,389.4,2915.7,110253.1
2021-08-31,2021,8,33927.8,73013.5,106941.3,2540.6,385.4,2926.0,109867.3
2021-09-30,2021,9,33336.5,69080.9,102417.4,2421.1,378.2,2799.3,105216.7
2021-10-31,2021,10,33153.7,68065.7,101219.4,2418.9,374.7,2793.6,104013.0
2021-11-30,2021,11,32089.0,67111.4,99200.4,2481.1,323.6,2804.7,102005.1
2021-12-31,2021,12,31799.8,65535.6,97335.4,2967.8,315.1,3282.9,100618.3
2022-01-31,2022,1,32819.2,70834.6,103653.8,2825.7,355.9,3181.6,106835.4
2022-02-28,2022,2,31940.6,68530.9,100471.5,2827.6,352.9,3180.5,103652.0
2022-03-31,2022,3,31311.2,69384.1,100695.3,3005.7,354.3,3360.0,104055.3
2022-04-30,2022,4,33729.0,69129.0,102858.0,2588.4,354.1,2942.5,105800.5
2022-05-31,2022,5,31109.1,68072.5,99181.6,2730.3,338.5,3068.8,102250.4
2022-06-30,2022,6,30399.6,68623.2,99022.8,2941.6,330.9,3272.5,102295.3
2022-07-31,2022,7,31619.0,65638.9,97257.9,2850.0,328.3,3178.3,100436.2
2022-08-31,2022,8,31663.1,66430.1,98093.2,2801.2,322.5,3123.7,101216.9
2022-09-30,2022,9,32421.0,70232.2,102653.2,2714.7,319.2,3033.9,105687.1
2022-10-31,2022,10,31180.0,71273.6,102453.6,2547.7,322.0,2869.7,105323.3
2022-11-30,2022,11,30133.0,74276.9,104409.9,2427.9,325.0,2752.9,107162.8
2022-12-31,2022,12,31353.4,75885.8,107239.2,2789.3,310.4,3099.7,110338.9
2023-01-31,2023,1,30782.8,73975.0,104757.8,2492.1,308.2,2800.3,107558.1
2023-02-28,2023,2,30605.5,76162.8,106768.3,2558.6,304.5,2863.1,109631.4
2023-03-31,2023,3,33933.7,77255.7,111189.4,2617.5,303.2,2920.7,114110.1
2023-04-30,2023,4,38762.3,77399.9,116162.2,2824.9,301.7,3126.6,119288.7
2023-05-31,2023,5,36108.4,78521.2,114629.6,3133.9,298.5,3432.4,118062.0
2023-06-30,2023,6,40041.1,79528.2,119569.3,3335.8,296.6,3632.5,123201.8
2023-07-31,2023,7,37126.9,78462.1,115588.9,3202.1,294.0,3496.1,119085.0
2023-08-31,2023,8,37309.2,80676.3,117985.5,3152.5,291.1,3443.7,121429.2
2023-09-30,2023,9,39213.8,79732.9,118946.7,2961.3,290.1,3251.3,122198.0
2023-10-31,2023,10,40200.5,81738.2,121938.7,3316.9,287.9,3604.8,125543.5
2023-11-30,2023,11,40601.6,81711.6,122313.2,3245.5,283.8,3529.3,125842.5
2023-12-31,2023,12,43154.0,94840.7,137994.8,3122.8,282.6,3405.4,141400.2
2024-01-31,2024,1,44482.9,95309.1,139792.0,2938.1,284.0,3222.1,143014.1
2024-02-29,2024,2,43341.6,102139.2,145480.7,2492.4,280.5,2772.9,148253.6
2024-03-31,2024,3,44472.3,102987.4,147459.7,2695.5,282.0,2977.4,150437.2
2024-04-30,2024,4,42190.8,106792.2,148983.0,2976.0,282.7,3258.8,152241.8
2024-05-31,2024,5,42754.4,99450.5,142204.9,2344.7,284.4,2629.1,144834.0
2024-06-30,2024,6,44396.2,101987.7,146384.0,2338.8,287.0,2625.8,149009.8
2024-07-31,2024,7,44798.8,102295.1,147093.9,3022.9,283.6,3306.6,150400.5
2024-08-31,2024,8,44843.1,102256.7,147099.8,2214.0,280.5,2494.4,149594.2
2024-09-30,2024,9,45949.1,106781.6,152730.7,1868.9,278.3,2147.2,154877.9
2024-10-31,2024,10,46984.2,107372.1,154356.3,2058.9,276.5,2335.4,156691.7
2024-11-30,2024,11,48318.3,112019.6,160338.0,2205.3,275.4,2480.7,162818.6
2024-12-31,2024,12,48883.4,106966.6,155850.0,1982.3,275.5,2257.9,158107.9
2025-01-31,2025,1,48089.1,107312.0,155401.2,2006.9,275.2,2282.1,157683.3
2025-02-28,2025,2,48293.9,102232.3,150526.2,2382.5,274.1,2656.6,153182.8
2025-03-31,2025,3,52014.2,102169.0,154183.2,2303.5,274.4,2578.0,156761.2
2025-04-30,2025,4,45042.1,116195.1,161237.2,2412.9,276.6,2689.6,163926.8
2025-05-31,2025,5,52852.2,113322.3,166174.5,2474.5,273.6,2748.0,168922.6
2025-06-30,2025,6,54136.2,110052.0,164188.2,2479.5,272.1,2751.6,166939.8
2025-07-31,2025,7,55241.8,107921.0,163162.8,2525.4,270.8,2796.2,165959.1
2025-08-31,2025,8,53257.6,103488.8,156746.4,3456.0,269.1,3725.2,160471.5
2025-09-30,2025,9,53650.8,133528.5,187179.3,2938.4,274.5,3212.9,190392.2
2025-10-31,2025,10,52884.5,129590.5,182475.0,2901.6,274.5,3176.1,185651.1
2025-11-30,2025,11,55293.0,136280.8,191573.8,2869.1,270.1,3139.3,194713.1
2025-12-31,2025,12,59097.8,140458.3,199556.0,3264.1,268.4,3532.5,203088.5
2026-01-31,2026,1,62991.5,147509.9,210501.4,3152.9,266.7,3419.6,213920.9
2026-02-28,2026,2,66813.3,148145.8,214959.1,3556.1,265.8,3821.9,218781.0
2026-03-31,2026,3,70387.5,142458.7,212846.1,3783.1,263.5,4046.6,216892.7
2026-04-30,2026,4,73082.9,132026.7,205109.5,4146.2,260.7,4406.9,209516.4
