mahalla_ar,baladiya_ar,city_ar,polling_centres
أ ن األشهر,تاجوراء,طرابلس,3
أبو الريش,رصمان,رصمان,2
أبو السباع,الزاوية المركز,الزاوية,1
أبو الغرب,نسمة,نسمة,1
أبو الفرائس,ام الرزم,درنة,1
أبو الهالل,رصمان,رصمان,4
أبو جعفر العربان,غريان,العربان,1
أبو راس,بن وليد,بن وليد,2
أبو عمود,بن وليد,بن وليد,1
أبو غالشة,الزاوية المركز,الزاوية,1
أبو نجرة,ب ن وليد,ب ن وليد,1
أبو نجرة,بن وليد,بن وليد,2
أبوراوي,بن وليد,بن وليد,3
أبورصة,الزاوية المركز,الزاوية,2
أبوروية,مرصاتة,مرصاتة,1
أبورية,مرصاتة,مرصاتة,1
أبوزاهية,رست,أبوزاهية,2
أبوزيان,غريان,غريان,1
أبوسعدة,السدرة,أبوسعدة,1
أبوشع تة,مرصاتة,مرصاتة,3
أبوعائشة,سيدي السائح,سيدي السائح,1
أبوعرقوب,السبيعة,السبيعة,2
أبوعياد,غريان,غريان,1
أبوغيالن,غريان,غريان / القواسم,2
أبوقرعة,الجميل,الجميل,1
أبوقرين,مرصاتة,أبوقرين,3
أبولجام,الرياينة,الرياينة,1
أبوماص,ككلة,ككلة,1
أبونجيم,زمزم,أبونجيم,1
أبوهادي,رست,رست,2
أري ب عيىس,الزاوية الغرب,الزاوية,1
أشنيشن,شحات,أشنيشن,1
أفوغاس,درج,درج,1
أفوغاس,غدامس,غدامس,1
أم األرانب,الشقية,أم األرانب,2
أم الرزم,ام الرزم,درنة,3
أم ركبة,امساعد,طربق,1
أم عزيز,الجميل,الجميل,3
أمسري,الرحيبات,الرحيبات,1
أنطاطات,غريان,غريان,1
أوالد أبوعائشة,السبيعة,السبيعة,2
أوالد أحمد,باطن الجبل,بدر,1
أوالد بن يعقوب,غريان,غريان,1
أوالد جابر,العزيزية,اوالد جابر,1
أوالد سالم,باطن الجبل,تي ج,1
أوالد شداد,باطن الجبل,بدر,1
أوالد طالب,باطن الجبل,تي ج,1
أوالد عل,ترهونة,ترهونة,3
أوالد محمود,نالوت,أوالد محمود,1
أوسادن,غريان,غريان,2
ا ن االشهر,تاجوراء,طرابلس,1
األبرق,األبرق,القبة,2
األبيار,االبيار,األبيار,2
األبيار,ترهونة,ترهونة,2
األبيض,بنت بيه,األبيض,1
األثرون,درنة,درنة,1
األسواك,مرصاتة,مرصاتة,1
األشاف,مسالتة,مسالته,2
األصابعة الوسط,االصابعة,االصابعة,1
األكوام,ترهونة,ترهونة,2
االبيار,االبيار,االبيار,8
االبيار,ترهونة,ترهونة,3
االشاف,مسالتة,مسالته,1
االصفاح,سوان بن أدم,االصفاح,1
االكوام,ترهونة,ترهونة,2
ابريك,الغريفة,ابريك,1
ابن منظور,أبوسليم,طرابلس,2
ابو جريدة,زليت,زليت,2
ابو رقية,زليت,زليت,3
ابودر الغفاري,أبوسليم,طرابلس,2
ابوغردقة,براك,الشا,1
ابوقدقود,ادرى,الشا,1
ابومليانة,طرابلس المركز,طرابلس,3
ابونجيم,زمزم,وادي ب,1
اجخرة,اجخرة,اجخرة,2
اجدابيا الشقية,اجدابيا,اجدابيا,8
اجدابيا الشمالية,اجدابيا,اجدابيا,7
اجدابيا الغربية,اجدابيا,اجدابيا,8
اخليف,بنت بيه,اخليف,1
ادري,ادرى,الشا,2
ادليم,مرزق,ادليم,1
ادواو,زليت,زليت,2
ازدو,زليت,زليت,3
ازدو الجنوبية,زليت,زليت,2
ازدو الشمالية,زليت,زليت,3
ازريق,مرصاتة,مرصاتة,1
اسلنطه,البيضاء,اسلنطه,1
اشكدة,براك,الشا,1
اشميخ,بن وليد,بن وليد - اشميخ,1
اقار,القرضة,الشا,1
اقار,وادى عتبة,اقار,1
اقزير,مرصاتة,مرصاتة,4
اقفنطه,الساحل,اقفنطه,1
ال تهانية,تاجوراء,طرابلس,4
ال تيقة الجديدة,ال تيقة,ال تيقة,2
ال تيقة المنطقة الثانية,ال تيقة,ال تيقة,1
ال ح الصنا ع,ج االندلس,طرابلس,2
ال ح رقم 3,رست,رست,1
ال يح القديم,الزاوية المركز,الزاوية,1
الب تة,مرصاتة,مرصاتة,1
البازة,زليت,زليت,3
الباكور,المرج,الباكور,1
البالد,درنة,درنة,1
البخ,القطرون,البخ,1
البدارنة الشقية,الحرابه,البدارنة,1
البدارنة الغربية,الحرابه,البدارنة,1
البدري,ع ي زارة,طرابلس,2
البدري,ع ي زاره,طرابلس,3
البدير,الشقية,البدير,1
البلدية,الخمس,الخمس,2
البلدية,بن وليد,بن وليد,4
البلدية,ترهونة,ترهونة,3
البمبه,ام الرزم,درنة,1
البنية,جردس,البنية,1
البياضة,الساحل,البياضة,1
البياضة الشقية,الساحل,البياضة,1
البياضه الغربية,الساحل,البياضة,1
البيضاء,البيضاء,البيضاء,2
البيضاء الشقية,البيضاء,البيضاء,6
البيضاء العربان,غريان,العربان,2
البيضاء الغربية,البيضاء,البيضاء,3
البيضان,البيضان وانتالت,البيضان,1
التقطة,درج,درج,1
التميم,ام الرزم,درنة,1
التناحمة,بنت بيه,التناحمة,1
التنية البيضاء,ب ن وليد,ب ن وليد,1
التنية البيضاء,بن وليد,بن وليد,2
الثالث ي,رست,رست,1
الثانوية,سبها,سبها,2
الثغار,ج االندلس,طرابلس,1
الج ته العسكرية,رست,رست,1
الجالء,سوق الجمعة,طرابلس,2
الجبار,تراغن,الجبار,1
الجبيلة,درنة,درنة,5
الجحاوات,الخمس,الخمس,2
الجديد,سبها,سبها,8
الجديدة,الجديدة,العجيالت,3
الجديدة,يفرن,يفرن,1
الجزيرة,مرصاتة,مرصاتة,2
الجغبوب,طربق,طربق,1
الجليداية سلطان,الزويتينة وسلطان,الجليداية,1
الجليدة,النارصية,النارصية,2
الجنانات,العجيالت,العجيالت,2
الجهاد,البيضاء,الجهاد,1
الجهاد,زليت,زليت,1
الجهاد,سوق الجمعة,طرابلس,5
الجهاد,طربق,طربق,10
الجهانات,مرصاتة,مرصاتة,1
الجوابر,قرص األخيار,قرص األخيار,1
الجوش الشقية,الحرابه,الجوش,1
الجوف,الكفرة,الكفرة,7
الجوف الغر ب,الكفرة,الكفرة,1
الح اإلسالم,ج األندلس,طرابلس,1
الح االسالم,ج االندلس,طرابلس,1
الح الصناع,ج االندلس,طرابلس,6
الح رقم 2,رست,رست,2
الح رقم 3,رست,رست,1
الحاثة,النارصية,الحاثة,1
الحاج عبيد,الزاوية المركز,الزاوية,3
الحارات,سوق الجمعة,طرابلس,5
الحدائق,بنغازي,الرتكة,2
الحرابة الغربية,الحرابه,تندمرتة,1
الحرشة,الزاوية الغرب,الزاوية,4
الحس ي,أبوسليم,طرابلس,1
الحشان,سوق الجمعة,طرابلس,2
الحطية,اوباري,الحطية,1
الحطية / ونزريك,ادرى,الشا,1
الحم تة,الشقية,الحم تة,1
الحمام,الجفرة,سوكنة,1
الحمامة,الساحل,الحمامة,1
الحمدة,توكرا,توكره,1
الحمراء,بنت بيه,الحمراء,1
الحميدية,تاجوراء,طرابلس,7
الحنية,الساحل,الحنية,1
الحنيوه,رست,رست,1
الحوامد,نالوت,الحوامد,1
الخالئفة الغربية,ظاهر الجبل,الخالئفة,1
الخاليفة,ظاهر الجبل,الخاليفة,1
الخرائق,الغريفة,الخرائق,1
الخرصاء,ترهونة,ترهونة,2
الخرصاء- الخريريبة,ترهونة,ترهونة,1
الخرما ن,ب ن وليد,ب ن وليد,1
الخرمان,بن وليد,بن وليد,2
الخروبة,جردس,منطقة الخروبة,1
الخزان,الرجبان,الرجبان,1
الخشش,مسالتة,مسالته,1
الخضاء,الزاوية الغرب,الزاوية,2
الخوالق,القره بولل,طرابلس,1
الخويمات,البيضاء,الخويمات,1
الدافنية,زليت,زليت,5
الدافنية,مرصاتة,مرصاتة,5
الدبوسية,القبة,القبة,1
الدري ن,ج االندلس,طرابلس,7
الدوكال,مسالتة,مسالته,1
الديسة,القرضة,الشا,1
الديسة,اوباري,الديسة,2
الرابطة,الزاوية الغرب,الزاوية,2
الرابطة,غريان,غريان / الرابطة,2
الراقوبة,الزاوية الغرب,الزاوية,1
الرباط,رست,رست,2
الرباط االما م,رست,رست,1
الرباط االمام,رست,رست,1
الربدى,امساعد,طربق,1
الرتكة,بنغازي,الرتكة,15
الرتكت,غات,الرتكت,3
الرجبان الشقية,الرجبان,الرجبان,1
الرجبان الغربية,الرجبان,الرجبان,2
الرجمة,االبيار,االبيار,1
الرحيبات الشمالية,الرحيبات,الرحيبات,1
الرصيم,طرابلس المركز,طرابلس,3
الرفافية,العامرية,العامرية,1
الرقيبة,بنت بيه,الرقيبة,3
الركو,بنت بيه,الركو,1
الرملة,مرصاتة,مرصاتة,1
الرواجح,القره بولل,طرابلس,2
الرويسات,مرصاتة,مرصاتة,4
الرياينة الشقية,الرياينة,الرياينة,1
الرياينة الغربية,الرياينة,الرياينة,1
الزاوية / براك,براك,الشا,1
الزاوية الجديدة,الزاوية المركز,الزاوية,1
الزاوية الجنوبية,الزاوية المركز,الزاوية,1
الزاوية القديمة,البيضاء,البيضاء,1
الزاوية القديمة,الزاوية المركز,الزاوية,2
الزب ت,أبوسليم,طرابلس,2
الزروق,مرصاتة,مرصاتة,9
الزعفران,رست,رست,3
الزملة,الرحيبات,الرحيبات,2
الزنتان,الزنتان,الزنتان,2
الزنتان الجنوبية,الزنتان,الزنتان,2
الزنتان الشقية,الزنتان,الزنتان,2
الزنتان الشمالية,الزنتان,الزنتان,1
الزنتان الغربية,الزنتان,الزنتان,2
الزهراء,ادرى,الشا,1
الزهراء,الزهراء,الزهراء,3
الزهراء الشقية,الزهراء,الزهراء,1
الزهراء الغربية,الزهراء,الزهراء,1
الزوا ب,مرصاتة,مرصاتة,1
الزوي,ترهونة,ترهونة,1
الزوية,براك,الشا,1
الزوية,غريان,غريان / الزوية,1
الزويتنة,الزويتينة وسلطان,الزويتنة,2
الزيتونة,تراغن,الزيتونة,1
الزيغن,البوانيس,سبها,1
الساحل,الخمس,الخمس,3
الساحل,الساحل,الساحل قرص ليبيا,3
الساحل,امساعد,طربق,1
الساحل,سوق الجمعة,طرابلس,3
الساحل الشق,درنة,درنة,4
الساحل الغرري ن,قمينس,المقرون,1
الساعدية,العزيزية,العزيزية,3
الساعدية الغربية,العزيزية,الساعدية,2
السالم,ج االندلس,طرابلس,1
السالوي,بنغازي,السالوي,1
السبعة,زليت,زليت,4
السبعة الجديدة,ع ي زاره,طرابلس,2
السبيطات,وادى عتبة,السبيطات,1
الستلونة,البيضاء,البيضاء,1
السدرة,الجديدة,العجيالت,1
السدرة,السدرة,رأس االنوف,1
السدرة,العجيالت,العجيالت,2
السك تات,مرصاتة,مرصاتة,1
السكانية الثالثة,رست,رست,1
السلما ن الش ق,بنغازي,السالوي,2
السلمان الشق,بنغازي,السالوي,4
السند,بن وليد,بن وليد,1
السوادنة,ككلة,ككلة,1
السوان,أوجلة,أوجلة,1
السوان,سوان بن أدم,السوان,7
السوان - اوجلة,أوجلة,أوجلة,2
السواوة,مرصاتة,مرصاتة,1
السوق,سيدي السائح,سيدي السائح,2
السوق,مسالتة,مسالته,2
السوق / صرتاتة,صرتاتة,صرتاتة,2
السوق ابو عيىس,الزاوية الغرب,الزاوية,1
السوق القديم,البيضاء,البيضاء,2
السياحية,ج األندلس,طرابلس,1
السياحية,ج االندلس,طرابلس,1
الشا,رصمان,رصمان,2
الشاج,ج االندلس,طرابلس,2
الشاج,جتور,طرابلس,1
الشارع الغر ن,ج األندلس,طرابلس,1
الشارع الغر ن,ج االندلس,طرابلس,7
الشاكسة,مرصاتة,مرصاتة,2
الششارة,ترهونة,ترهونة,1
الشعبة,طربق,طربق,1
الشعواء,درج,درج,1
الشف,االصابعة,االصابعة,2
الشف,جالو,جالو,1
الشف - جالو,جالو,جالو,1
الشقية,الزنتان,الزنتان,1
الشقية,القره بولل,طرابلس,3
الشقية الحرابة,الحرابه,الحرابة,1
الشقيقة,الشقيقة,الشقيقة,1
الشقيقة,ترهونة,ترهونة,1
الشواهدة,مرصاتة,مرصاتة,2
الشوايق,الخمس,الخمس,1
الشوك صالح الدين,ع ي زاره,طرابلس,1
الشويرف,ترهونة,ترهونة,1
الشويرف الشقية,الشويرف,الشويرف,1
الشويرف الغربية,الشويرف,الشويرف,1
الشيخ,زليت,زليت,3
الشيخ,غريان,غريان / القواسم,1
الص تة الحمراء,توكرا,دريانه,1
الصابري,بنغازي,بنغازي المركز,8
الصابرية,الزاوية الغرب,الزاوية,2
الصابرية الشقية,الزاوية الغرب,الزاوية,2
الصابرية الغربية,الزاوية الغرب,الزاوية,2
الصفصاف,شحات,الصفصاف,1
الصوالح,مرصاتة,مرصاتة,1
الصوان,الجفرة,ودان,1
الطالب,الكفرة,الكفرة,1
الطريق الساحل,مرصاتة,مرصاتة,1
الطويبية,الماية,الماية,2
الطويلة,زلطن,زلطن,1
الطويلة,صرتاتة,صرتاتة,2
الطيانية,الزاوية الغرب,الزاوية,2
الطينة,الماية,الماية,3
الظاهر,االصابعة,االصابعة,1
الظه ت,رست,رست,1
الظهرة,بن وليد,بن وليد,3
الظهرة,طرابلس المركز,طرابلس,3
الظهرة -تنيناي الوادي بن وليد - تنيناي,بن وليد,,1
الظهرتة,زليت,زليت,3
العافية / براك,براك,الشا,1
العامرة,هراوة,العامرة,1
العامرية,العامرية,العامرية,2
العامرية,العزيزية,العزيزية,1
العثمانية,تاجوراء,طرابلس,3
العر,رصمان,رصمان,2
العربان,غريان,غريان / العربان,1
العرق - جالو,جالو,جالو,4
العرقوب,ال تيقة,العرقوب,1
العروبة,بنغازي,السالوي,8
العري,الرياينة,الرياينة,1
العزيات,درنة,درنة,1
العزيزية,العزيزية,العزيزية,2
العزيزية الشقية,العزيزية,العزيزية الشقية,2
العزيزية الغربية,العزيزية,العزيزية,2
العزيزية المركز,العزيزية,العزيزية,1
العسة / رقدال ي,رقدال ي,رقدال ي,1
العطايا,القره بولل,طرابلس,3
العقيلة,ال تيقة,العقيلة,1
العلوص,قرص األخيار,قرص األخيار,3
العليا,القلعة,القلعة,1
العماري ي,قرص األخيار,قرص األخيار,1
العمامرة,مسالتة,مسالته,1
العموري,الزاوية الغرب,الزاوية,1
العواتة,سوق الخميس,سوق الخميس,1
العوانري,قرص بن غشرت,قرص بن غشرت,5
العويلية الشقية,المرج,العويلية,1
العويلية الغربية,المرج,المرج,2
العوينات,غات,العوينات,1
العوينيه,يفرن,العوينيه,2
العيون,القرضة,الشا,1
الغ تان,مرصاتة,مرصاتة,6
الغاللبة,سيدي السائح,سيدي السائح,2
الغالمية,العجيالت,العجيالت,1
الغرارات,سوق الجمعة,طرابلس,5
الغريب,الساحل,منطقة الغريب,1
الغريبات,رست,رست,3
الغريفة,الغريفة,الغريفة,2
الغريقة,البيضاء,البيضاء,15
الغزايا,نالوت,الغزايا,1
الغوط,صرتاتة,صرتاتة,2
الغويالت,زليت,زليت,3
الفا س,الزاوية المركز,الزاوية,2
الفا س,مسالتة,مسالته,1
الفائدية,شحات,الفائدية,1
الفاس,الزاوية المركز,الزاوية,1
الفتائح,درنة,درنة,1
الفتح,سوق الجمعة,طرابلس,5
الفجيج,بنت بيه,الفجيج,1
الفخفاخة,الغريفة,الفخفاخة,1
الفراطسة,مرصاتة,مرصاتة,1
الفرجان,الجفرة,سوكنة,1
الفرجان,ترهونة,ترهونة,3
الفرجان- الربيدة,ترهونة,الداوون,1
الفرناج,ع ي زارة,طرابلس,2
الفرناج,ع ي زاره,طرابلس,2
الفقهاء,الجفرة,الفقهاء,1
الفليجات,الزهراء,الزهراء,1
الفويهات,بنغازي,الرتكة,5
الفيوت,غات,الفيوت,1
القاعة,زليت,زليت,4
القاهرة,سبها,سبها,2
القبة,القبة,القبة,9
القبيبة,رست,رست,1
القحاصات,غريان,غريان,1
القداحية,زمزم,زمزم,2
القراية,بنت بيه,القراية,1
القرص,نالوت,نالوت,1
القرص,يفرن,يفرن,1
القرص / براك,براك,الشا,1
القرضابية,رست,رست,2
القرضبة,طربق,طربق,1
القرضة,القرضة,الشا,2
القرضة,سبها,سبها,2
القرية الشقية,الزنتان الجنوبية,القرية,1
القرية الضمانية,أبوسليم,طرابلس,1
القرية لغربية,الزنتان الجنوبية,القرية,1
القزاحية,زليت,زليت,2
القص ت,الجفرة,هون,1
القصبة,القلعة,القلعة,1
القصبة,جادو,جادو,1
القصبة,زليت,زليت,4
القصبة العربان,غريان,العربان,1
القصيعة,ترهونة,ترهونة,2
القطارة,مسالتة,مسالته,2
القطرون,القطرون,القطرون,2
القع تات,الغريفة,القع تات,1
القعرة,طربق,طربق,3
القلة,ادرى,الشا,1
القلعة,مسالتة,مسالته,2
القلعة الزوية,بنت بيه,القلعة الزوية,1
القنان,اجدابيا,اجدابيا,1
القوارشة,بنغازي,الرتكة,7
القواسم,غريان,غريان / القواسم,5
القوس,مرصاتة,مرصاتة,1
القوليش,االصابعة,االصابعة,2
القويعة,القره بولل,طرابلس,2
القيقب,القيقب,القبة,2
الكراوة,القره بولل,طرابلس,4
الكراوة,قرص األخيار,قرص األخيار,1
الكريمية,سوان بن أدم,السوان,1
الكليبة,غريان,غريان,1
الكويفية,بنغازي,سيدي خليفة,5
الكيش,بنغازي,الرتكة,12
اللبة - جالو,جالو,جالو,2
المالحة,امساعد,طربق,1
الماية,الماية,الماية,4
المبن,توكرا,دريانه,2
المجابرة,كاباو,الحرابة,1
المجد,سوق الجمعة,طرابلس,3
المحيش,بنغازي,السالوي,1
المختار,بنغازي,السالوي,3
المخيل,األبرق,القبة,1
المدينة,طربق,طربق,26
المدينة القديمة,طرابلس المركز,طرابلس,3
المربوعة,بن وليد,بن وليد,2
المرج,المرج,المرج,12
المرج,جردس,جردس العبيد,3
المرج الشقية,المرج,المرج,7
المرج الغربية,المرج,المرج,4
المرصص,طربق,طربق,1
المرغن,سوق الجمعة,طرابلس,1
المركز,الزنتان,الزنتان,1
المركز,جادو,جادو,1
المركز,رست,رست,1
المركز,مزدة,مزدة,1
المرىس,ال تيقة,ال تيقة,2
المسيد,مسالتة,مسالته,1
المشاشية,السدرة,المشاشية,1
المشاي,تاجوراء,طرابلس,5
المشوع - جالو,جالو,جالو,1
المشوع الزراع,أبوسليم,طرابلس,1
المصىل / براك,براك,الشا,1
المطار,قرص بن غشرت,قرص بن غشرت,5
المطاردة,مرصاتة,مرصاتة,1
المطرد,الزاوية الغرب,الزاوية,1
المطرد الغربية,الزاوية الغرب,الزاوية,1
المطردالشقية,الزاوية الغرب,الزاوية,2
المعزول,مرصاتة,الوشكة,1
المعطن,مسالتة,مسالته,1
المعقولة,الخمس,الخمس,3
المعقولة الوادي,الخمس,الخمس,3
المعمورة,المعمورة,المعمورة,1
المعمورة الشقية,المعمورة,المعمورة,2
المغار,درنة,درنة,7
المغاربة,غريان,غريان,1
المقاصبة,مرصاتة,مرصاتة,2
المقاوبة,مرصاتة,مرصاتة,1
المقرون,قمينس,المقرون,1
المقزحة,بنغازي,بنغازي,1
المقطع,الزاوية المركز,الزاوية,3
المليطانية,االبيار,االبيار,2
المنست ب,امساعد,طربق,1
المنشية,الجميل,الجميل,3
المنشية,سبها,سبها,5
المنشية,طرابلس المركز,طرابلس,7
المنصورة,ادرى,الشا,1
المنصورة,شحات,المنصورة,1
المنصورة,طرابلس المركز,طرابلس,3
المنطرحة,زليت,زليت,4
المهدية,سبها,سبها,3
الميدان,الجميل,الجميل,2
النارصية,النارصية,النارصية,3
النارصية,سبها,سبها,1
النارصية الشقية,النارصية,النارصية,1
النجم الساطع,مرصاتة,مرصاتة,2
النجيلة,جتور,طرابلس,3
النجيلة,سوان بن أدم,السوان,2
النجيلة الغربية,سوان بن أدم,النجيلة الغربية,1
النرص,الجديدة,العجيالت,5
النصب التذكارى,رست,رست,1
النهضة,صرتاتة,صرتاتة,2
النواقية,بنغازي,بنغازي,1
النوفلي ي,طرابلس المركز,طرابلس,4
النوفلية,السدرة,النوفلية,1
الهبيلية,باطن الجبل,بدر,1
الهضبة الخرصاء,أبوسليم,طرابلس,3
الهضبة الشقية,ع ي زارة,طرابلس,1
الهضبة الشقية,ع ي زاره,طرابلس,2
الهمايلة,باطن الجبل,تي ج,1
الهنش ت,العجيالت,العجيالت,4
الهنشرت,االصابعة,االصابعة,1
الهوارى,الكفرة,الكفرة,1
الهواري,بنغازي,الرتكة,8
الهويويرى,الكفرة,الكفرة,1
الوادى الشق,تاجوراء,طرابلس,2
الوادى الغر ن,تاجوراء,طرابلس,1
الوادي,القلعة,القلعة,1
الوادي,صرتاتة,صرتاتة,2
الوادي االحمر,السدرة,الوادي االحمر,1
الوادي الش ق,تاجوراء,طرابلس,1
الوادي الشق,تاجوراء,طرابلس,4
الوادي الغر ن,تاجوراء,طرابلس,3
الوالب,الزاوية المركز,الزاوية,3
الوحدة العربية,بن وليد,بن وليد,2
الوسط,االصابعة,االصابعة,2
الوسط,الرجبان,الرجبان,1
الوسط,الرحيبات,الرحيبات,1
الوسط,الرياينة,الرياينة,1
الوسط,جادو,جادو,1
الوسط,سيدي السائح,سيدي السائح,1
الوسط,ككلة,ككلة,1
الوسط / رقدال ي,رقدال ي,رقدال ي,2
الوسط الحرابة,الحرابه,المجابرة,1
الوسيطه,البيضاء,الوسيطة,1
الوشكة,مرصاتة,الوشكة,1
الىل,األبرق,القبة,1
ام الجرسان,ظاهر الجبل,يفرن,1
ام الحمام,وادى عتبة,ام الحمام,1
ام القرون,العزيزية,العزيزية,1
ام القنديل,السدرة,الوسط,1
امداكم,الزاوية الجنوب,الزاوية,1
امرير قابس,اجدابيا,اجدابيا,1
امساعد,امساعد,طربق,2
انتالت,البيضان وانتالت,انتالت,1
اندباس,جادو,جادو الغر ب,1
اوالد زائد,سوق الخميس,سوق الخميس,1
اوالد سنان,الخمس,الخمس,1
اوالد مرغم,السبيعة,السبيعة,1
اوالد وشاح,السبيعة,السبيعة,1
اوباري,اوباري,اوباري,4
اوجلة,اوجلة,اوجلة,1
ب ن ي يح,غريان,غريان,1
باب الزيتون,طربق,طربق,2
باب السالم,أبوسليم,طرابلس,1
باب بن غش ت,أبوسليم,طرابلس,2
باب بن غش ت,ابوسليم,طرابلس,1
باب بن غش ت,طرابلس المركز,طرابلس,1
بادرتن,غريان,غريان / القواسم,1
باسس,درنة,درنة,1
بالحديد,الساحل,بالحديد,1
بالخاثر,طربق,طربق,1
بب األشهب,بب االشهب,طربق,2
بب االشهب,بب االشهب,بب االشهب,1
بت اسىط ميالد,ع ي زاره,طرابلس,3
بت التوتة,قرص بن غشرت,قرص بن غشرت,4
بت التوته,قرص بن غشرت,,1
بت الجديد,العزيزية,العزيزية,2
بت الحلو,الجميل,الجميل,1
بت الطوبة,سيدي السائح,سيدي السائح,1
بت الغنم الشقية,الزاوية الجنوب,الزاوية,1
بت الغنم المركز,الزاوية الجنوب,الزاوية,1
بت بن سالم,النارصية,النارصية,1
بت ترفاس,الزاوية المركز,الزاوية,1
بت دياب,سيدي السائح,سيدي السائح,1
بت عزالدين,الزاوية الجنوب,الزاوية,1
بت غن,االصابعة,االصابعة,1
بت معتوق,ترهونة,ترهونة,1
بحر السماح,الزاوية المركز,الزاوية,4
بدر,باطن الجبل,بدر,1
براك,براك,الشا,1
برسس,توكرا,توكره,1
برقن,ادرى,الشا,2
بريش,سوق الخميس,سوق الخميس,2
بزيمة,الكفرة,الكفرة,1
بش,ال تيقة,بش,2
بشارة,القبة,القبة,1
بطة,الساحل,بطة,4
بلخ ت,طرابلس المركز,طرابلس,3
بلغراء,البيضاء,البيضاء,1
بلقس,شحات,بلقس,1
بللوزة,أبوسليم,طرابلس,1
بن جحا,الخمس,الخمس,3
بن جواد,السدرة,بن جواد,3
بن حارث,بنت بيه,بن حارث,1
بن سباع,الزاوية المركز,الزاوية,2
بن شعيب,الجميل,الجميل,4
بن شعيب,الزاوية الجنوب,الزاوية,1
بن عطية,السبيعة,السبيعة,2
بن نارص,مسالتة,مسالته,2
بنت بيه,بنت بيه,بنت بيه,1
بندار,الخمس,الساحل,1
بنغازي الجديدة,بنغازي,الرتكة,7
بنغازي المدينة,بنغازي,بنغازي المركز,7
بنينا,بنغازي,بنينا,6
بو طينة,الجميل,الجميل,1
بوترابة,الساحل,بوترابة,1
بوعطن,بنغازي,السالوي,6
بوفاخرة,بنغازي,الرتكة,5
بومريم,االبيار,االبيار,1
بومنصور,درنة,درنة,6
بيت ثامر,القبة,القبة,1
تاروت,القرضة,الشا,1
تازربو,تازربو,تازربو,2
تاقرفت,الجفرة,هون,1
تاكنس الشقية,جردس,المرج,1
تاكنس الغربية,جردس,تاكنس,1
تامزاوة,القرضة,الشا,2
تجره,القطرون,تجره,1
تراغن,تراغن,تراغن,2
تربانة,الخمس,الخمس,1
تربو,الشقية,تربو,1
ترت,األبرق,القبة,1
ترغالت,ترهونة,ترهونة,2
ترغت,ترهونة,ترهونة,1
ترهونة الجنوبية,ترهونة,ترهونة,1
ترهونة الشمالية,ترهونة,ترهونة,2
تساوة,وادى عتبة,تساوة,1
تغرنة,غريان,غريان,1
تغسات,غريان,غريان / تغسات,6
تفلفلت,درج,درج,1
تقرط ي,وادى عتبة,تقرط ي,1
تكبال,ككلة,ككلة,1
تكركبية,بنت بيه,تكركيبة,1
تكوت,نالوت,نالوت,1
تليل,صرتاتة,صرتاتة,2
تمزدة,جادو,جادو,1
تمسان,ادرى,الشا,2
تمسة,الشقية,تمسة,1
تملوشايت,كاباو,كاباو,1
تمنهنت,البوانيس,سبها,1
تنقومة,المرج,تنقومة,1
تهاال,غات,تهاال,1
توش,الغريفة,توش,1
توكره,بنغازي,توكره,1
توكره,توكرا,توكره,4
تويوة,الغريفة,تويوة,1
تويوي,الشقية,تويوي,1
تي ج,باطن الجبل,تي ج,2
ج االكواخ,أبوسليم,طرابلس,2
ج االنتصار,أبوسليم,طرابلس,3
ج االندلس,ج االندلس,طرابلس,7
ج المجاهدين,أبوسليم,طرابلس,1
ج تاو,مرزق,ج تاو,1
ج تة,االبيار,االبيار,1
ج دمشق,أبوسليم,طرابلس,3
جادو,جادو,جادو المركزية,1
جادو الشمالية,جادو,جادو,1
جادو الغربية,جادو,جادو,1
جارف,رست,رست,3
جامع التوغار,سوان بن أدم,السوان,2
جامع القمودي,الزاوية المركز,الزاوية,3
جبل معروف,ترهونة,ترهونة,1
جبور,بب االشهب,طربق,1
جتور الحشان,جتور,طرابلس,2
جتور الشاج,جتور,طرابلس,1
جتور الشقية,جتور,طرابلس,7
جتور المركز,جتور,طرابلس,5
جتور الوسط,جتور,طرابلس,7
جتور انجيلة,جتور,طرابلس,1
جتور صياد,جتور,طرابلس,4
جردس الجراري,البيضاء,جردس الجراري,1
جردس الجنوبية,جردس,جردس االحرار,1
جردس الشمالية,جردس,جردس االحرار,1
جردينا,سلوق,جردينا,1
جرمة,الغريفة,جرمة,1
جرمة القديمة,الغريفة,جرمة,1
جنان بن نصيب,الجميل,الجميل,1
جنان عطية,العجيالت,العجيالت,4
جناون,جادو,جادو الشمالية,1
جندوبة,االصابعة,االصابعة,1
جنوب االبيار,االبيار,االبيار,1
جود دائم,الزاوية المركز,الزاوية,3
ح السالم,بنغازي,السالوي,9
ح العزمة / اقار,القرضة,الشا,1
ح القارة,القرضة,الشا,1
ح المشاشية,القرضة,الشا,1
ح عبدالكاف,سبها,سبها,1
حبون,شحات,شحات,1
حج حجيل,مرزق,حج حجيل,1
حجارة,سبها,سبها,2
حم تية القديمة,الشقية,حم تية القديمة,1
حمدة,الجميل,الجميل,1
حمدون,رقدال ي,رقدال ي,1
حمدون / رقدال ي,رقدال ي,رقدال ي,4
خالد بن الوليد,أبوسليم,طرابلس,2
خلة الفرجان,ع ي زاره,طرابلس,1
خوالن,األبرق,القبة,1
خور اوقيدة,ال تيقة,خور اوقيدة,1
خويلد,قرص بن غشرت,خويلد,1
دحمان الشقية,صرتاتة,صرتاتة,1
دحمان الوسط,صرتاتة,صرتاتة,1
درج,درج,درج,1
دريانه,توكرا,دريانه,4
دندخ,الساحل,دندخ,1
دنون,غريان,غريان,1
دوغة,ترهونة,ترهونة,1
رأس أجدير,زوارة,زوارة,1
رأس الحمام,الخمس,الخمس,2
رأس الدايون,صرتاتة,صرتاتة,3
رأس الطبل,نسمة,نسمة,1
رأس الهالل,القبة,القبة,1
رأس حسن,سوق الجمعة,طرابلس,3
رأس عزاز,امساعد,طربق,1
رأس عمار,مرصاتة,مرصاتة,1
راس اعبيدة,بنغازي,بنغازي المركز,4
راس التاب,شحات,راس التاب,1
راشدة - جالو,جالو,جالو,2
ربيانة,الكفرة,الكفرة,1
ردود الزاوية,قرص بن غشرت,قرص بن غشرت,8
رست المركز,رست,رست,3
رسق رست,رست,رست,1
رقدال ي,رقدال ي,رقدال ي,4
زاوية الباقول,يفرن,العويتيه,1
زاوية الدهمان,طرابلس المركز,طرابلس,4
زاوية العرقوب,الساحل,زاوية العرقوب,1
زاوية المحجوب,مرصاتة,مرصاتة,8
زكري,رصمان,رصمان,2
زلة المركز,الجفرة,زلة,2
زلطن,زلطن,زلطن,4
زلواز,براك,الشا,2
زمزم,زمزم,زمزم,3
زناتة,سوق الجمعة,طرابلس,4
زناته,سوق الجمعة,طرابلس,1
زوارة الجنوبية,زوارة,زوارة,2
زوارة الشقية,زوارة,زوارة,2
زوارة الشمالية,زوارة,زوارة,3
زوارة الغربية,زوارة,زوارة,2
زويلة,الشقية,زويلة,1
ساس,جردس,ساس,1
سكرة,سبها,سبها,2
سلطان,الزويتينة وسلطان,سلطان,2
سلطان,رست,رست,1
سلوق,سلوق,سلوق,10
سم الديس,مسالتة,مسالته,1
سمنو,البوانيس,سبها,1
سواب فسانو,مزدة,مزدة,1
سوسه,شحات,سوسه,2
سوف الج ي,ب ن وليد,ب ن وليد,2
سوق األحد,ترهونة,ترهونة,2
سوق األحد,رصمان,رصمان,1
سوق الجمعة,ترهونة,ترهونة,3
سوق السبت,قرص بن غشرت,قرص بن غشرت,6
سوكنة,الجفرة,سوكنة,2
سيدى خليفة,تاجوراء,طرابلس,1
سيدي احمد,العجيالت,العجيالت,1
سيدي احميد,ترهونة,ترهونة,3
سيدي اعبيد,بنغازي,بنغازي المركز,4
سيدي الجيالب,سوق الخميس,سوق الخميس,3
سيدي امعمر,ترهونة,ترهونة,2
سيدي امهيوس,االبيار,االبيار,1
سيدي جابر,سوق الخميس,سوق الخميس,1
سيدي جرتيل,المرج,المرج,1
سيدي حس ي,بنغازي,بنغازي المركز,6
سيدي خالد,القبة,القبة,1
سيدي خليفة,الخمس,الخمس,3
سيدي خليفة,بنغازي,سيدي خليفة,6
سيدي خليفة,نالوت,نالوت,2
سيدي سليم,أبوسليم,طرابلس,4
سيدي عبد اللطيف,جتور,طرابلس,3
سيدي عبدالعاط,قمينس,المقرون,1
سيدي عم ت,قرص األخيار,قرص األخيار,3
سيدي عيىس,الزاوية المركز,الزاوية,7
سيدي معروف,صرتاتة,صرتاتة,1
سيدي نض,الزاوية المركز,الزاوية,3
سيل ي,الخمس,الخمس,3
سيناون,درج,درج,1
شارع الرصيم,طرابلس المركز,طرابلس,1
شحات الجديدة,شحات,شحات,4
شحات القديمة,شحات,شحات,1
شداد,نالوت,نالوت,2
شفة المالحة,سوق الجمعة,طرابلس,4
شكشوك,جادو,جادو,1
شماس,امساعد,طربق,1
شهداء ابوسليم,أبوسليم,طرابلس,1
شهداء الدامور,أبوسليم,طرابلس,1
شهداء الدامور (أم درمان),أبوسليم,طرابلس,1
شهداء الزاوية,الزاوية المركز,الزاوية,2
شهداء الزاوية,بنغازي,الرتكة,2
شهداء السالوي,بنغازي,السالوي,5
شهداء السلما ن,بنغازي,بنغازي المركز,2
شهداء السلمان,بنغازي,بنغازي المركز,4
شهداء المرقب,الخمس,الخمس,2
شهداء الها ن,سوق الجمعة,طرابلس,1
شهداء الهان,سوق الجمعة,طرابلس,4
شهداء ثيبشان,الرجبان,الرجبان,1
شهداء ع ي زاره,ع ي زاره,طرابلس,1
شهداء عبدالجليل,جتور,طرابلس,4
صالح الدين,أبوسليم,طرابلس,1
صرتاتة المدينة,صرتاتة,صرتاتة,1
ض الهالل,الزاوية المركز,الزاوية,3
طبقة,الزنتان الجنوبية,طبقة,1
طرغونية,البيضاء,طرغونية,1
طرميسة,جادو,جادو الشمالية,1
طريق الثقيل,مرصاتة,مرصاتة,1
طريق المطار,بن وليد,بن وليد,1
طلميثة,الساحل,طلميثة,2
طلميثة الشقية,الساحل,سيدى اسماعيل,1
طلميثة الشمالية,الساحل,طلميثة,1
طمزين,الحرابه,طمزين,1
طمينة,مرصاتة,مرصاتة,3
ظهرة الماجن,باطن الجبل,بدر,1
ع ي الدوارة,طرابلس المركز,طرابلس,3
ع ي الغزالة,طربق,طربق,1
ع ي زاره الجنو ن,ع ي زاره,طرابلس,4
ع ي زاره الشما ل,ع ي زارة,طرابلس,1
ع ي مارة,القبة,القبة,2
عباد,مرصاتة,مرصاتة,2
عر ي المشاشية / قطة,ادرى,الشا,1
عرادة,سوق الجمعة,طرابلس,1
عطاء هللا الشقيقة,الشقيقة,الشقيقة,1
عطاف,رصمان,رصمان,3
عقبة بن نافع,سوق الجمعة,طرابلس,5
عكرمة,طربق,عكرمة,1
عمر المختار,البيضاء,عمر المختار,1
عمر المختار,طربق,طربق,3
عمر بن العاص,سوق الجمعة,طرابلس,4
عيون دوغة,ترهونة,ترهونة,1
غات,غات,غات,4
غدوة,سبها,سبها,1
غرغور,أبوسليم,طرابلس,4
غنيمة,الخمس,الخمس,1
غوط ابو ساق,سوان بن أدم,السوان,1
غوط الروضة,العجيالت,العجيالت,3
غوط الري ح,غريان,غريان,1
غوط السلطان,االبيار,غوط السلطان,1
غوط الشعال,ج األندلس,طرابلس,2
غوط الشعال,ج االندلس,طرابلس,11
فرزوغة,المرج,وادى العقر,1
فرزوغه,المرج,فرزوغه,1
فروة,زوارة,زوارة,1
فشلوم,طرابلس المركز,طرابلس,4
فطرة,ع ي زارة,طرابلس,1
فطناسة,رصمان,رصمان,1
فنقل,تراغن,فنقل,1
ق تان,غريان,غريان / القواسم,1
قاريونس,بنغازي,الرتكة,5
قاليل,صرتاتة,صرتاتة,1
قدر ف,الكفرة,الكفرة,1
قراقرة,الغريفة,قراقرة,2
قرت عون,بنت بيه,قرت عون,1
قرتة,براك,الشا,2
قرزه,زمزم,قرزه,1
قرص أحمد,مرصاتة,مرصاتة,3
قرص األخيار الغربية,قرص األخيار,قرص األخيار,2
قرص األخيار المركز,قرص األخيار,قرص األخيار,2
قرص احمد,مرصاتة,مرصاتة,2
قرص الجدي,امساعد,طربق,2
قرص الجديد,مسالتة,مسالته,1
قرص الحاج,الرجبان,الرجبان,1
قرص الشيف,االبيار,االبيار,1
قرص العرايسية,ادرى,الشا,1
قرص المقدم,البيضاء,قرص المقدم,1
قرص ليبيا,الساحل,قرص ليبيا,1
قرص مسعود,القطرون,قرص مسعود,1
قرص وامس,الشقيقة,الشقيقة,1
قرقارش,ج االندلس,طرابلس,2
قرقوزة,المعمورة,المعمورة,4
قرقوزة الشقية,المعمورة,قرقوزة الشقية,1
قرنادة,شحات,قرنادة,1
قطة,ادرى,الشا,1
قطيس,غريان,غريان / قطيس,1
ققمم,القرضة,الشا,1
قمينس,قمينس,قمينس,5
قندولة,البيضاء,قندولة,1
قوقاس,الخمس,الخمس,2
كاباو الجنوبية,كاباو,كاباو,1
كاباو الشمالية,كاباو,كاباو,2
كادوش,زليت,زليت,4
كب تة االخباء,الجميل,الجميل,2
كرزاز,مرصاتة,مرصاتة,2
كرسة,درنة,درنة,1
كركورة,قمينس,المقرون,2
كروط,الخمس,الخمس- الساحل,1
كعام,الخمس,الخمس,5
كعام,زليت,زليت,4
ككلة الشمالية,ككلة,ككلة,1
ككلة الغربية,ككلة,ككلة,1
كمبوت,طربق,طربق,4
كمون,غريان,غريان / كمون,1
لبدة,الخمس,الخمس,3
لملودة,القبة,القبة,1
لملوم,بنغازي,الرتكة,1
ماترس,درج,درج,1
ماجر,زليت,زليت,6
ماجن القروش,القلعة,القلعة,1
ماسة الشمالية,البيضاء,ماسة,1
ماسه,البيضاء,سيدي عبدالواحد,1
ماسه الجنوبية,البيضاء,ماسه,1
ماسه الشمالية,البيضاء,ماسه,1
مجدول,الشقية,مجدول,1
محروقة,القرضة,الشا,2
محلة الساحل,رصمان,رصمان,1
محلة العاللقة,صرتاتة,صرتاتة,1
محلة الوادي,مسالتة,مسالته,1
محلة رأس الديوان,صرتاتة,صرتاتة,1
مخلوف,رصمان,رصمان,3
مدروسة,القطرون,مدروسة,1
مر س لك,بب االشهب,طربق,1
مرادة,مرادة,مرادة,1
مراوة,البيضاء,مراوة,1
مرباط,مرصاتة,مرصاتة,1
مرتوبة,درنة,درنة,2
مرحبا,وادى عتبة,مرحبا,1
مرزق,مرزق,مرزق,8
مرغرين,زليت,زليت,3
مزده,مزدة,مزدة,2
مسقوين,الشقية,مسقوين,1
مسكة (اسنان),االصابعة,االصابعة,1
مسوس,سلوق,سلوق,1
مسيحل,سوق الخميس,سوق الخميس,1
مشوع الهضبة الزراع,أبوسليم,طرابلس,1
مكنوسة,وادى عتبة,مكنوسة,1
منطقة الحدائق,بنغازي,الرتكة,1
منغساتن,درج,درج,1
ميدان الشهداء,طرابلس المركز,طرابلس,3
ميمون,بن وليد,بن وليد,1
نارص,الزاوية الجنوب,الزاوية,1
نسمة المركز,نسمة,نسمة,1
نسمة المركزية,نسمة,نسمة,1
نقر كنمة,القطرون,نقر كنمة,1
هراوة,هراوة,هراوة,2
هون الجنوبية,الجفرة,هون,2
هون الشمالية,الجفرة,هون,2
وادي ال يح,غريان,غريان / وادي ال يح,1
وادي الربيع,سيدي السائح,سيدي السائح,1
وادي السدر,باطن الجبل,تندمرتة,1
وادي القواسم,غريان,غريان / القواسم,1
وادي وعي ن,مسالتة,مسالته,1
وازن,وازن,وازن,1
وازيت,غدامس,غدامس,1
ودان,الجفرة,ودان,1
ودان الجنوبية,الجفرة,ودان,1
ودان الشمالية,الجفرة,ودان,1
وردامه,وردامه,وردامه,1
وريمة,تاجوراء,طرابلس,1
وسط الجميل,الجميل,الجميل,1
وسط المدينة,سبها,سبها,5
وسط المدينة,مرصاتة,مرصاتة,3
وسعاية بديري,طرابلس المركز,طرابلس,2
وليد,غدامس,غدامس,1
ونزريك,ادرى,الشا,2
ويفات,جادو,جادو,1
يدر,مرصاتة,مرصاتة,2
يفرن الشمالية,يفرن,يفرن,1
يفرن الظاهر,ظاهر الجبل,يفرن,1
