edge_id,edge_schema,source_id,source_name,target_id,target_name,relationship,start_date,end_date,datasets
ca-forreps-5a49530d749e84d7ed0b1565007101c9d264f4fd,Family,ca-forreps-e9d4dd39745e8c173836a57b50681847b267522b,Nouri F M ELKASAH,ca-forreps-893fba3caabdcbb30d6b3bb710fff2eaea2d0384,Ahlaam A A ALQASI,Spouse,,,ca_foreign_reps
NK-3XMJeo5x2HoW5KUBtZjCML,UnknownLink,Q2068273,Mohammad Reza Naqdi,NK-ipVrFZf7o3drYzB3jPB6tu,Islamic Revolutionary Guard Corps (IRGC),related-to,,,ch_seco_sanctions
NK-7UEpLM3LqBwQBtvmvVsa3c,UnknownLink,NK-kamWrhMiw35YKoM5FnZk7Q,Iran Aircraft Manufacturing Company,NK-ipVrFZf7o3drYzB3jPB6tu,Islamic Revolutionary Guard Corps (IRGC),Providing support to,,,us_ofac_sdn;ch_seco_sanctions
NK-8YBEjwhA4JXcDM7EZtGnwR,Ownership,NK-YWUBXpeFiTsiroWa7UqRUf,Central Bank of Libya,NK-TGJjwNmw5DCZLYNDfnD5G4,Libyan Agricultural Bank,,,,gb_fcdo_sanctions
NK-8tqvAnkTdvj4vLb3wpcqZK,Ownership,NK-WBxPAsNkFUZEniYXbPCdHe,Libyan Investment Authority,NK-MquwTyyeWLtztCZQbR6v6k,Sabtina Ltd,,,,gb_fcdo_sanctions
NK-9xW9zYJdJaYp6ywY5ia9Nr,Ownership,NK-S7pHVijF9R4WwGRdgckCBq,Fahmi Ben Khalifa,NK-f276CTc72sLRzDzyqr7QYc,ADJ Trading Limited,Owned or Controlled By,,,us_ofac_sdn
NK-DXrcr6rWFR3Cq5CdkuzZXA,UnknownLink,NK-mmGxwFYre24XCPwZhrZ2t5,Osama Al Kuni Ibrahim,NK-bCqCZiXVhavep845qc8m9W,Mohamed Koshlaf,related-to,,,ch_seco_sanctions
NK-DZuNYFBbmcQtis2pBjL9pz,UnknownLink,NK-mmGxwFYre24XCPwZhrZ2t5,Osama Al Kuni Ibrahim,Q69638152,Abd Al-Rahman Salim Ibrahim al-Milad,related-to,,,ch_seco_sanctions
NK-FdSSMfQYq6Nq59RCDJpgHQ,UnknownLink,Q361273,HANNIBAL MUAMMAR QADHAFI,Q19878,MUAMMAR MOHAMMED ABU MINYAR QADHAFI,related-to,,,ch_seco_sanctions
NK-GKqKMe7FH6HTuMNfDXY3SN,Ownership,NK-ipVrFZf7o3drYzB3jPB6tu,Islamic Revolutionary Guard Corps (IRGC),NK-dqAaENTGtNQ4anQuKLWc5u,ISLAMIC REVOLUTIONARY GUARD CORPS (IRGC)-QODS FORCE,,,,gb_fcdo_sanctions
NK-HxPeRCRjkBwJEgZ7FBdHe6,UnknownLink,NK-Y855M94WoKyKvDUgpVns48,Zedxion Exchange Ltd,NK-ipVrFZf7o3drYzB3jPB6tu,Islamic Revolutionary Guard Corps (IRGC),Providing support to,,,us_ofac_sdn;il_mod_terrorists
NK-KrrcdDTHXcrRHFA2aJ8jGa,UnknownLink,Q208135,Saif al-Islam QADHAFI,Q19878,MUAMMAR MOHAMMED ABU MINYAR QADHAFI,related-to,,,ch_seco_sanctions
NK-PZHTzupfQwuoTzWGukk6Yc,UnknownLink,Q361291,SAIF AL-ARAB QADHAFI,Q19878,MUAMMAR MOHAMMED ABU MINYAR QADHAFI,related-to,,,ch_seco_sanctions
NK-RULuvujPp7mJcwqYZyKZo7,Ownership,NK-WBxPAsNkFUZEniYXbPCdHe,Libyan Investment Authority,NK-k5wewbsKc9fjNgjmdzJoKS,Al-Inma Holding Co. for Services Investments,,,,gb_fcdo_sanctions
NK-SttmEHkD3kYaBMHPRSCXqp,UnknownLink,NK-eW2KXzZ9gW2QyQfJkZJWjs,KHAMIS MUAMMAR QADHAFI,Q19878,MUAMMAR MOHAMMED ABU MINYAR QADHAFI,related-to,,,ch_seco_sanctions
NK-TkwdVDRTiRZuy3YevyxZ96,UnknownLink,Q361281,MOHAMMED MUAMMAR QADHAFI,Q19878,MUAMMAR MOHAMMED ABU MINYAR QADHAFI,related-to,,,ch_seco_sanctions
NK-Ub4GwtdmBGCsVsaBWZaUTM,Ownership,NK-V3yjEXHcfBpDnTzDoeR7Wb,Nourddin Milood M Musbah,NK-GUgMrUaEuLULaxf9HUvFsY,Alwefaq Ltd,Owned or Controlled By,,,us_ofac_sdn
NK-Ws8xbRE3U8NGXtU8DFhBQo,UnknownLink,NK-RT3cWscWLuM5xMEEtBZsjh,Abu Shaariya,Q19878,MUAMMAR MOHAMMED ABU MINYAR QADHAFI,related-to,,,ch_seco_sanctions
NK-WzWkdo8swEzvXpVbice3mn,Ownership,NK-ipVrFZf7o3drYzB3jPB6tu,Islamic Revolutionary Guard Corps (IRGC),NK-5PJzeksBUtpVFoJHPNXeGj,IRGC-Air Force Al-Ghadir Missile Command,,,,gb_fcdo_sanctions
NK-csxcBhtquCDBx9vwxeUDAQ,UnknownLink,NK-hzhRKcbaH3JJDgW6PePKGw,Zedcex Exchange Ltd,NK-ipVrFZf7o3drYzB3jPB6tu,Islamic Revolutionary Guard Corps (IRGC),Providing support to,,,us_ofac_sdn;il_mod_terrorists
NK-cy4qpdW3dSSk4JkHcL3LZe,Ownership,NK-ipVrFZf7o3drYzB3jPB6tu,Islamic Revolutionary Guard Corps (IRGC),NK-jF6xZDZzsiGDtJtGcBqoLi,Islamic Revolutionary Guard Corps Aerospace Force,,,,gb_fcdo_sanctions
NK-gSRChPSZK9UCAdKXqQo7LF,UnknownLink,Q317757,Abdullah AL-SENUSSI,Q19878,MUAMMAR MOHAMMED ABU MINYAR QADHAFI,related-to,,,ch_seco_sanctions
ch-seco-11461-related-to,UnknownLink,NK-TyDcXQ2tXNCuADMfhjnwSj,Mehr Bank,NK-ipVrFZf7o3drYzB3jPB6tu,Islamic Revolutionary Guard Corps (IRGC),related-to,,,ch_seco_sanctions
ch-seco-13452-related-to,UnknownLink,Q231552,AISHA MUAMMAR MUHAMMED ABU MINYAR QADHAFI,Q19878,MUAMMAR MOHAMMED ABU MINYAR QADHAFI,related-to,,,ch_seco_sanctions
ch-seco-13456-related-to,UnknownLink,Q316974,MUTASSIM QADHAFI,Q19878,MUAMMAR MOHAMMED ABU MINYAR QADHAFI,related-to,,,ch_seco_sanctions
ch-seco-13460-related-to,UnknownLink,Q310406,SAADI QADHAFI,Q19878,MUAMMAR MOHAMMED ABU MINYAR QADHAFI,related-to,,,ch_seco_sanctions
ch-seco-13463-related-to,UnknownLink,Q240227,SAFIA FARKASH AL-BARASSI,Q19878,MUAMMAR MOHAMMED ABU MINYAR QADHAFI,related-to,,,ch_seco_sanctions
ch-seco-13465-related-to,UnknownLink,NK-dMAzhvH7ooNytMQJf3ZNZL,Sayyid Mohammed Qadhafi Al-Dam,Q19878,MUAMMAR MOHAMMED ABU MINYAR QADHAFI,related-to,,,ch_seco_sanctions
ch-seco-20905-related-to,UnknownLink,NK-dgsVRGxxqgpu2FhrR5yENh,Naserin Vahid,NK-ipVrFZf7o3drYzB3jPB6tu,Islamic Revolutionary Guard Corps (IRGC),related-to,,,ch_seco_sanctions
ch-seco-21065-related-to,UnknownLink,NK-UJ6VjXqPL3Amtn8hgRZZX9,Capitana Seas Limited,Q310406,SAADI QADHAFI,related-to,,,ch_seco_sanctions
ch-seco-41957-related-to,UnknownLink,Q25423789,Yadollah Javani,NK-ipVrFZf7o3drYzB3jPB6tu,Islamic Revolutionary Guard Corps (IRGC),related-to,,,ch_seco_sanctions
ch-seco-41974-related-to,UnknownLink,Q20986675,Abdollah Araghi,NK-ipVrFZf7o3drYzB3jPB6tu,Islamic Revolutionary Guard Corps (IRGC),related-to,,,ch_seco_sanctions
ch-seco-41975-related-to,UnknownLink,NK-dkcJyuGjYVezc4Mui4DBcd,Ali Khalili,NK-ipVrFZf7o3drYzB3jPB6tu,Islamic Revolutionary Guard Corps (IRGC),related-to,,,ch_seco_sanctions
ch-seco-46281-related-to,UnknownLink,NK-mAXMHWw8MKHM9YJDh44pYj,Etemad Amin Invest Co Mobin,NK-ipVrFZf7o3drYzB3jPB6tu,Islamic Revolutionary Guard Corps (IRGC),related-to,,,ch_seco_sanctions
ch-seco-55926-related-to,UnknownLink,NK-jEWLrYXBq5XEzuyMXYZfRs,Javad Darvish-Vand,NK-ipVrFZf7o3drYzB3jPB6tu,Islamic Revolutionary Guard Corps (IRGC),related-to,,,ch_seco_sanctions
ch-seco-55934-related-to,UnknownLink,NK-k89VNrJ29F9XgSX7NXpsrh,Seyyed Mahdi Farahi,NK-ipVrFZf7o3drYzB3jPB6tu,Islamic Revolutionary Guard Corps (IRGC),related-to,,,ch_seco_sanctions
ch-seco-55935-related-to,UnknownLink,Q137249,Mohammad Ali Jafari,NK-ipVrFZf7o3drYzB3jPB6tu,Islamic Revolutionary Guard Corps (IRGC),related-to,,,ch_seco_sanctions
ch-seco-55949-related-to,UnknownLink,NK-cZUeHEJ6pGyS5BmheMFLVg,Ali Ashraf Nouri,NK-ipVrFZf7o3drYzB3jPB6tu,Islamic Revolutionary Guard Corps (IRGC),related-to,,,ch_seco_sanctions
ch-seco-55951-related-to,UnknownLink,NK-XfbWhq925ZvtHj3TZbBsTb,Shahroudi Ali Saeedi,NK-ipVrFZf7o3drYzB3jPB6tu,Islamic Revolutionary Guard Corps (IRGC),related-to,,,ch_seco_sanctions
ch-seco-bc643ab26e9d42867b60ad13baed40505acca835,Family,NK-fCGt6rgmz9Gb5KrcMHrKuj,RAED MUHAMMAD HASAN MUHAMMAD HIJAZI,Q2506226,Mohammad Hejazi,Father,,,ch_seco_sanctions
ch-seco-c9a6f3853ec174d2bd4faaeca9a04aa77fc20e92,UnknownLink,Q27627957,Hasan Al-Salahayn Salih Al-Sha'ari,NK-nFg77q6vHJLmSUp8mm3pPS,ISLAMIC STATE OF IRAQ AND THE LEVANT (ISIS),Facilitator for,,,ch_seco_sanctions
fr-ga-3beb7ccb20baa68634b954be7fd2a8ba7ef86074,UnknownLink,NK-epoDUiV64eLLTdWrXxgyZi,Rahab Institute,NK-ipVrFZf7o3drYzB3jPB6tu,Islamic Revolutionary Guard Corps (IRGC),,,,fr_tresor_gels_avoir
fr-ga-41f95bed2f3d955bff7a64b22c5147b312b5b765,UnknownLink,NK-nmUtRzJuxoiG4L8Jsr6wAn,Pouya Air,NK-ipVrFZf7o3drYzB3jPB6tu,Islamic Revolutionary Guard Corps (IRGC),,,,fr_tresor_gels_avoir
fr-ga-46d8a9b498c3999931081506c4bd8745a915ef20,UnknownLink,NK-jtVerogvcsNowZJdBqbqDa,Ghorb Nooh,NK-ipVrFZf7o3drYzB3jPB6tu,Islamic Revolutionary Guard Corps (IRGC),,,,fr_tresor_gels_avoir
fr-ga-5189b485ff439bbde08fc7d15237ef267a291866,UnknownLink,NK-jSMTrsYkFusCkMoaH6N4Nu,Base opérationnelle de Karbala du Corps des gardiens de la révolution islamique (IRGC),NK-ipVrFZf7o3drYzB3jPB6tu,Islamic Revolutionary Guard Corps (IRGC),,,,fr_tresor_gels_avoir
fr-ga-627525d024ed0597e5e19c1930bf181cb623a024,UnknownLink,NK-nCs6FpGhk9Nzj7sAkgFbTm,Sho'a' Aviation,NK-ipVrFZf7o3drYzB3jPB6tu,Islamic Revolutionary Guard Corps (IRGC),,,,fr_tresor_gels_avoir
fr-ga-80f4b1a5ab2ba741dc5057d4949ee10b3a38d4af,UnknownLink,NK-mdqNiJyfpLepHn7pPmxLnH,Ghorb Karbala,NK-ipVrFZf7o3drYzB3jPB6tu,Islamic Revolutionary Guard Corps (IRGC),,,,fr_tresor_gels_avoir
fr-ga-89eef05ad98ef70b3baa129bf1a56bb313629afd,UnknownLink,NK-XzP9kE42ivvoJsRFtqCQeM,Behineh Trading Co.,NK-ipVrFZf7o3drYzB3jPB6tu,Islamic Revolutionary Guard Corps (IRGC),,,,fr_tresor_gels_avoir
fr-ga-9030a9847cc2dda0c5573ef86f9fbe55a8c73e68,UnknownLink,NK-i7bVYy9HagGNgzA2cToPMY,Rah Sahel,NK-ipVrFZf7o3drYzB3jPB6tu,Islamic Revolutionary Guard Corps (IRGC),,,,fr_tresor_gels_avoir
fr-ga-ae7ff9e289851d2e68c9d8212421fae9cdcfe02d,UnknownLink,NK-oDTLqgYVPPr5GwAaHPsxFG,Hara Company,NK-ipVrFZf7o3drYzB3jPB6tu,Islamic Revolutionary Guard Corps (IRGC),,,,fr_tresor_gels_avoir
fr-ga-bde9dcd3342ffbfff55a331c735de95f593e3b24,UnknownLink,NK-jj3vAETxpV67TYbc8GCkrw,Khatam al-Anbiya Construction Headquarters (KAA),NK-ipVrFZf7o3drYzB3jPB6tu,Islamic Revolutionary Guard Corps (IRGC),,,,fr_tresor_gels_avoir
fr-ga-c63c790cc9cece10880931f20a283fcd82bb7bdc,UnknownLink,NK-g9UmVJoB9SrZxT4pTE8G9q,Sepanir Oil & Gas Energy Eng. Co.,NK-ipVrFZf7o3drYzB3jPB6tu,Islamic Revolutionary Guard Corps (IRGC),,,,fr_tresor_gels_avoir
fr-ga-ce09d744c0bb30d65e414773f748278828a8b81d,UnknownLink,NK-jAjDQx8NUBGdJB4RCMLScf,Sepasad Engineering Company,NK-ipVrFZf7o3drYzB3jPB6tu,Islamic Revolutionary Guard Corps (IRGC),,,,fr_tresor_gels_avoir
fr-ga-da9c895bd79726b01d307dca1643917fb6c218f8,UnknownLink,NK-fURQM6tyCbJYJCQyiPRwKd,Makin Institute,NK-ipVrFZf7o3drYzB3jPB6tu,Islamic Revolutionary Guard Corps (IRGC),,,,fr_tresor_gels_avoir
fr-ga-e16769dc9b0fa177264a72de29014118d1bf48e5,UnknownLink,NK-ny372aQyCRYP4TDcMibNZA,Gharagahe Sazandegi Ghaem,NK-ipVrFZf7o3drYzB3jPB6tu,Islamic Revolutionary Guard Corps (IRGC),,,,fr_tresor_gels_avoir
fr-ga-ee6489f536ef818274838df8ef2e16b467e16cee,UnknownLink,NK-kiTwWCSz2SzaHtE6ZR7dDZ,Fater Institute,NK-ipVrFZf7o3drYzB3jPB6tu,Islamic Revolutionary Guard Corps (IRGC),,,,fr_tresor_gels_avoir
fr-ga-f015e1635f466ece056402c48dd69f5a512a3f2d,UnknownLink,NK-eZDJFmy3xSMcKRXG86SyQF,Imen Sazan Consulting Engineers,NK-ipVrFZf7o3drYzB3jPB6tu,Islamic Revolutionary Guard Corps (IRGC),,,,fr_tresor_gels_avoir
fr-ga-f912fbae2237a870e57dc93568e2621f3a674c7d,UnknownLink,NK-mu8RsGdLYSmSzyY8niyLpP,Sahel Consultant Engineers,NK-ipVrFZf7o3drYzB3jPB6tu,Islamic Revolutionary Guard Corps (IRGC),,,,fr_tresor_gels_avoir
il-nbctf-a09c9265234bea5e9d270ae58793ed43bd1d4324,UnknownLink,NK-ambDxVyyJoTExKoqq9kxUB,Zedpay Finansal Sistem Ve Hizmetleri Anonim Sirketi,NK-ipVrFZf7o3drYzB3jPB6tu,Islamic Revolutionary Guard Corps (IRGC),,,,il_mod_terrorists
ofac-03d2a760ac336157051f122253affa68f1b3d6dd,Representation,Q28714119,Mohammad Kazemi,NK-ipVrFZf7o3drYzB3jPB6tu,Islamic Revolutionary Guard Corps (IRGC),Acting for or on behalf of,,,us_ofac_sdn
ofac-0a27e68d9fe87e183dad01a6899cc5bd967af6c4,Ownership,NK-UdowvUWUzRAZMVTvxHhFvu,Masoud Jalili,NK-ipVrFZf7o3drYzB3jPB6tu,Islamic Revolutionary Guard Corps (IRGC),Owned or Controlled By,,,us_ofac_sdn
ofac-0a6b9f0cbe4a6fe2132b5b872c4ba2db10bb9a31,UnknownLink,NK-kQ5vGLCvqU8zzZuvCi6pEA,HONG KONG SANMU LIMITED,NK-ipVrFZf7o3drYzB3jPB6tu,Islamic Revolutionary Guard Corps (IRGC),Providing support to,,,us_ofac_sdn
ofac-0cb1ccb193f5110856bb3d703731abe6cacb2b21,Representation,Q115207226,Mohammad Taghi Osanloo,NK-ipVrFZf7o3drYzB3jPB6tu,Islamic Revolutionary Guard Corps (IRGC),Acting for or on behalf of,,,us_ofac_sdn
ofac-0f1b743e87598087e05ddba99f51f178fbcaca66,Directorship,NK-BKusgwsvmh3si3BbNLu34L,Ahmad Mohammadi Zadeh,NK-ipVrFZf7o3drYzB3jPB6tu,Islamic Revolutionary Guard Corps (IRGC),Leader or official of,,,us_ofac_sdn
ofac-0fcd35fdeb28be04fdf79fca3872d8737097b310,UnknownLink,NK-JmokkiirJcZS3nsJtPqGZV,Shenzhen Amor Logistics Co Ltd,NK-ipVrFZf7o3drYzB3jPB6tu,Islamic Revolutionary Guard Corps (IRGC),Providing support to,,,us_ofac_sdn
ofac-10ae1712907d89a76d5166df27777ae8459522d3,UnknownLink,NK-REiNireayyuncLMsTWm3cY,Persian Gulf Strait Authority,NK-ipVrFZf7o3drYzB3jPB6tu,Islamic Revolutionary Guard Corps (IRGC),Providing support to,,,us_ofac_sdn
ofac-1b934593859481a082a7a2b22db92249bf3270b5,UnknownLink,NK-iT8tTbZvb5WZ5CTXB4dFK6,Sanjesh Gostar Dana Engineering and Quality Control Inspection Company,NK-ipVrFZf7o3drYzB3jPB6tu,Islamic Revolutionary Guard Corps (IRGC),Providing support to,,,us_ofac_sdn
ofac-2425c79221ddb7127ea78fc1f8109566a1aa4567,Representation,NK-istDm9fHi3CGpVhhN747bS,Mohammad Abdollahpour,NK-ipVrFZf7o3drYzB3jPB6tu,Islamic Revolutionary Guard Corps (IRGC),Acting for or on behalf of,,,us_ofac_sdn
ofac-259927d0f2027ad24ae68ab5940d7a1408ca45c6,Ownership,NK-ipVrFZf7o3drYzB3jPB6tu,Islamic Revolutionary Guard Corps (IRGC),NK-RVnWZtDSHimXYYeVA9wtdc,Bonyad Taavon Sepah,Owned or Controlled By,,,us_ofac_sdn
ofac-27d762c35cba1c7841a28d531afa15d582b7d074,Representation,NK-cVgveYEXNcpTc5jKkf7nEq,Amanollah GOSHTASBI,NK-ipVrFZf7o3drYzB3jPB6tu,Islamic Revolutionary Guard Corps (IRGC),Acting for or on behalf of,,,us_ofac_sdn
ofac-28b82bbf6d0cb830f7e9a01c0f479273cc109d22,Ownership,NK-ipVrFZf7o3drYzB3jPB6tu,Islamic Revolutionary Guard Corps (IRGC),NK-j7hkGePxB9BdN6Wtqoisme,Saberin Kish Company,Owned or Controlled By,,,us_ofac_sdn
ofac-29152b4359453ccea287f29d3cbec732dd21c2c2,Representation,NK-kdyqRMap7Dy6vcw2zk9f92,Jamal Shakarami,NK-ipVrFZf7o3drYzB3jPB6tu,Islamic Revolutionary Guard Corps (IRGC),Acting for or on behalf of,,,us_ofac_sdn
ofac-2f35588d43351268d2621b23eac9f30c6ab5a2b1,Representation,NK-dpRdrxTLwW6HZvZ7pqkbHU,GOLDEN GLOBE DEMIR CELIK PETROL SANAYI VE TICARET ANONIM SIRKETI,NK-ipVrFZf7o3drYzB3jPB6tu,Islamic Revolutionary Guard Corps (IRGC),Acting for or on behalf of,,,us_ofac_sdn
ofac-319949a8e4e766036c83c791de029f18cd3e1df1,Ownership,NK-ipVrFZf7o3drYzB3jPB6tu,Islamic Revolutionary Guard Corps (IRGC),NK-4mtWBti7Fkrh4ZC6pun7wu,Basij Resistance Force,Owned or Controlled By,,,us_ofac_sdn
ofac-33207e65ad1a44abd63c4e95a2861414047941ec,UnknownLink,NK-3G6TirGHw2TJQDFFZ7Uv7M,Bahman Diesel Co.,NK-ipVrFZf7o3drYzB3jPB6tu,Islamic Revolutionary Guard Corps (IRGC),Providing support to,,,us_ofac_sdn
ofac-35b06e5f1ee9712cbfbe105d4d3739697b26d515,Representation,NK-cnuG3EUgAAHC3xk2qn5xr5,Mahmud Baghlani,NK-ipVrFZf7o3drYzB3jPB6tu,Islamic Revolutionary Guard Corps (IRGC),Acting for or on behalf of,,,us_ofac_sdn
ofac-36b4f77af7ce7e8dd55fe677d6dc14c4c1e3f3ce,Ownership,NK-Le5JHd24EkxFTP8kQ32u29,Mahmoud Abdulilah Al-Dj,NK-hVCfCHsBCVUM6qBq3whpgz,Freebird Travel Agency,Owned or Controlled By,,,us_ofac_sdn
ofac-38c4052cb43f986314cf42b8f1503dc04a828df2,Representation,Q129341142,Hamid Khorramdel,NK-ipVrFZf7o3drYzB3jPB6tu,Islamic Revolutionary Guard Corps (IRGC),Acting for or on behalf of,,,us_ofac_sdn
ofac-390d9abeb5a2a07e3dca1539ca275554932a954c,Representation,NK-3WypzcsPwhiNPjQTGf4y6d,Abd al Hadi Zarqun,NK-nFg77q6vHJLmSUp8mm3pPS,ISLAMIC STATE OF IRAQ AND THE LEVANT (ISIS),Acting for or on behalf of,,,us_ofac_sdn
ofac-3953066d660f39b81163b598243eb4619630185c,Representation,NK-8hQB6Buv4QnQHMusiSNDfi,Ali Malek Shahkoui,NK-ipVrFZf7o3drYzB3jPB6tu,Islamic Revolutionary Guard Corps (IRGC),Acting for or on behalf of,,,us_ofac_sdn
ofac-3c338a9ba9ea8b47f3978a21e8b32f26ac215d67,Representation,Q126923121,Majid KHADEMI,NK-ipVrFZf7o3drYzB3jPB6tu,Islamic Revolutionary Guard Corps (IRGC),Acting for or on behalf of,,,us_ofac_sdn
ofac-4070d6deff88387c70b24bde42c65265219946db,UnknownLink,NK-f95DNYPjzuQKZry6qPRUcc,JIANDI HK LIMITED,NK-ipVrFZf7o3drYzB3jPB6tu,Islamic Revolutionary Guard Corps (IRGC),Providing support to,,,us_ofac_sdn
ofac-448e6b6e8ba19e1ce8dcf4bb0b53012ee554ad50,Representation,NK-NoUBNjMJBFxfyrV7Jp47oZ,Ali Ozma'i,NK-ipVrFZf7o3drYzB3jPB6tu,Islamic Revolutionary Guard Corps (IRGC),Acting for or on behalf of,,,us_ofac_sdn
ofac-499119c3b26862c345f28e827f26f6a92e668479,UnknownLink,NK-L85nwzMViEAcuH7NwM2qHn,HONG KONG BLUE OCEAN LIMITED,NK-ipVrFZf7o3drYzB3jPB6tu,Islamic Revolutionary Guard Corps (IRGC),Providing support to,,,us_ofac_sdn
ofac-4aa1a6d2d3cbfaf59c288ba792fba721d3f31333,UnknownLink,NK-E5TauvsA889jNJeKtv4YMG,"MAX HONOR INTERNATIONAL TRADE CO., LIMITED",NK-ipVrFZf7o3drYzB3jPB6tu,Islamic Revolutionary Guard Corps (IRGC),Providing support to,,,us_ofac_sdn
ofac-4b645c0d2d5e820e30787a02381fbdcf3dc9de70,Representation,NK-guDJYfrCqUgG7fvt3YWR74,Hossein TANAVAR,NK-ipVrFZf7o3drYzB3jPB6tu,Islamic Revolutionary Guard Corps (IRGC),Acting for or on behalf of,,,us_ofac_sdn
ofac-4d2d1c3b3c36503c49f06e3506cbd0bebc8e0913,Representation,NK-ZuBRVL3nScNKSmoiQ37Uda,Gholamhossein Gheib Parvar,NK-ipVrFZf7o3drYzB3jPB6tu,Islamic Revolutionary Guard Corps (IRGC),Acting for or on behalf of,,,us_ofac_sdn
ofac-528b712628bc51a7a356d5390b37efdc7fa0fea9,Representation,NK-G5BTasApunhmAgv3tD34xg,Hossein Zare Kamali,NK-ipVrFZf7o3drYzB3jPB6tu,Islamic Revolutionary Guard Corps (IRGC),Acting for or on behalf of,,,us_ofac_sdn
ofac-54ca1e1eb64c964c20550e933e9bc4176e2b54c4,UnknownLink,NK-Ue3LEDP3YKz4hDcTm8Waok,Design and Manufacturing of Aircraft Engines (DAMA),NK-ipVrFZf7o3drYzB3jPB6tu,Islamic Revolutionary Guard Corps (IRGC),Providing support to,,,us_ofac_sdn
ofac-582b9bd6f9ced6889209fed001735f7063d61ac3,Representation,NK-aF3RsSUob7B4JtqEpM5NrY,Ahmad Ali FAIZULLAHI,NK-ipVrFZf7o3drYzB3jPB6tu,Islamic Revolutionary Guard Corps (IRGC),Acting for or on behalf of,,,us_ofac_sdn
ofac-5b311fe9ac0312e969b1dc59f28d9ee2eb16b094,UnknownLink,NK-ns7oiKUhZQopVSRFGVP4ua,Baharestan Kish Company,NK-ipVrFZf7o3drYzB3jPB6tu,Islamic Revolutionary Guard Corps (IRGC),Providing support to,,,us_ofac_sdn
ofac-5b904e450a74f9ee8fea19fe7d43d2af8e7ef8e4,Representation,Q5708302,Hossein Nejat,NK-ipVrFZf7o3drYzB3jPB6tu,Islamic Revolutionary Guard Corps (IRGC),Acting for or on behalf of,,,us_ofac_sdn
ofac-5c813b970e424e4e7055c944d839555cf0dc7f2d,Representation,NK-Yta4Agzv6ygaagPZmzGs89,Hamidreza Moghadam Far,NK-ipVrFZf7o3drYzB3jPB6tu,Islamic Revolutionary Guard Corps (IRGC),Acting for or on behalf of,,,us_ofac_sdn
ofac-60386ee46eea62ccf7ac9fd5ab77b32efd0a81e0,Directorship,NK-aMZeqCarQjXEZywjpLktye,Mohammadreza Ashrafi Ghehi,NK-ipVrFZf7o3drYzB3jPB6tu,Islamic Revolutionary Guard Corps (IRGC),Leader or official of,,,us_ofac_sdn
ofac-6038f2626ad0cc56c48211b3f20220e8c1104244,UnknownLink,NK-jzGyiPEyGma9WRoPEjrfaM,Qeshm Madkandaloo Shipbuilding Cooperative Co,NK-ipVrFZf7o3drYzB3jPB6tu,Islamic Revolutionary Guard Corps (IRGC),Providing support to,,,us_ofac_sdn
ofac-61f94c1d34c3cfdcd886236c4afd6b58557ca620,Representation,Q56253890,Ali Reza Tangsiri,NK-ipVrFZf7o3drYzB3jPB6tu,Islamic Revolutionary Guard Corps (IRGC),Acting for or on behalf of,,,us_ofac_sdn
ofac-64d5d71b2dd1ed6a8de747a2bc2e0b75e179af98,UnknownLink,NK-cafXdYfWuKmSRfw6FJkEke,Star Ocean Shipmanage Ltd,NK-ipVrFZf7o3drYzB3jPB6tu,Islamic Revolutionary Guard Corps (IRGC),Providing support to,,,us_ofac_sdn
ofac-6569fe0898ac2e6088eed50b306ba9d7a6e48652,Representation,NK-GjAEVSCgQyfTMBxmrv7KXE,Ramezan Zirahi,NK-ipVrFZf7o3drYzB3jPB6tu,Islamic Revolutionary Guard Corps (IRGC),Acting for or on behalf of,,,us_ofac_sdn
ofac-68c5be82bd7002ed13e6c90bf6710fc196ca3a83,Representation,NK-3MfQWRpv5SmXALt6gxHqFA,Mansur Ravankar,NK-ipVrFZf7o3drYzB3jPB6tu,Islamic Revolutionary Guard Corps (IRGC),Acting for or on behalf of,,,us_ofac_sdn
ofac-6ab393c32527b00abc482a2002edcee5447131bb,Representation,Q23017879,Amir Ali Hajizadeh,NK-ipVrFZf7o3drYzB3jPB6tu,Islamic Revolutionary Guard Corps (IRGC),Acting for or on behalf of,,,us_ofac_sdn
ofac-6ad7fe5c0ed58ef5304e53cfb2fc8896178f2927,Directorship,NK-5422BfjR88C7geP5RBRBwb,Mohamed al Kani,NK-SfPxtnRH4Hwsc5tbssb3dj,Kaniyat militia,Leader or official of,,,us_ofac_sdn
ofac-6bae601af525dd4394b8995c41c05a236f476444,Representation,NK-cK7ALNfC3dxGjmGdHPZk9s,Habib Shahsavari,NK-ipVrFZf7o3drYzB3jPB6tu,Islamic Revolutionary Guard Corps (IRGC),Acting for or on behalf of,,,us_ofac_sdn
ofac-7478f24c22a1ac8a4c6b4afe53406cea52fe2594,UnknownLink,NK-LdhUMNCXRJpvX4mKcpbodP,ATIC ENERGY FZE,NK-ipVrFZf7o3drYzB3jPB6tu,Islamic Revolutionary Guard Corps (IRGC),Providing support to,,,us_ofac_sdn
ofac-7a68317a822d995ad3e88ba2e7b995ebc23be1d9,Representation,Q122586038,Mojtaba FADA,NK-ipVrFZf7o3drYzB3jPB6tu,Islamic Revolutionary Guard Corps (IRGC),Acting for or on behalf of,,,us_ofac_sdn
ofac-7de8fb9d50412e40585921a24ab2a3b1c003f89e,Representation,Q124304718,Reza Seraj,NK-ipVrFZf7o3drYzB3jPB6tu,Islamic Revolutionary Guard Corps (IRGC),Acting for or on behalf of,,,us_ofac_sdn
ofac-7fb5fb2996b8b63657febcf9a33f15f9e872ad1c,Representation,Q121744849,Ahmad Kadem,NK-ipVrFZf7o3drYzB3jPB6tu,Islamic Revolutionary Guard Corps (IRGC),Acting for or on behalf of,,,us_ofac_sdn
ofac-82abebf4415a085c005c54a1f97f48d289eec027,Representation,Q120793249,Hossein Maroufi,NK-ipVrFZf7o3drYzB3jPB6tu,Islamic Revolutionary Guard Corps (IRGC),Acting for or on behalf of,,,us_ofac_sdn
ofac-872a5ab67c523acbd6058315ffcffddc9ce0d03c,Representation,Q121820735,Mohammad Nazar Azimi,NK-ipVrFZf7o3drYzB3jPB6tu,Islamic Revolutionary Guard Corps (IRGC),Acting for or on behalf of,,,us_ofac_sdn
ofac-87ca42c326f080b9328b21674416032f9a429fbd,Representation,Q116215247,Bahman Reyhani,NK-ipVrFZf7o3drYzB3jPB6tu,Islamic Revolutionary Guard Corps (IRGC),Acting for or on behalf of,,,us_ofac_sdn
ofac-8bc6e7d51bfbb7234a0ce79503d8055aedbe35db,UnknownLink,NK-446LyQXDAU8WtWgWVfjB8r,Ansar Exchange,NK-ipVrFZf7o3drYzB3jPB6tu,Islamic Revolutionary Guard Corps (IRGC),Providing support to,,,us_ofac_sdn
ofac-8cf369b90bb62d62de3f7b8a1fef098d98a1120a,UnknownLink,NK-dgv4kscydHAhW4fcqWt9PX,Boyu Liu,NK-ipVrFZf7o3drYzB3jPB6tu,Islamic Revolutionary Guard Corps (IRGC),Providing support to,,,us_ofac_sdn
ofac-8d60ea57c7be2d3ea97661024518fe00c924a919,Representation,NK-6ck5qrDN99NgizrM6v46He,Mustafa Bazvand,NK-ipVrFZf7o3drYzB3jPB6tu,Islamic Revolutionary Guard Corps (IRGC),Acting for or on behalf of,,,us_ofac_sdn
ofac-8e01bc9aa1b0f44c43417efc6d8ed61d0dab1a5c,Representation,NK-FGjWdXXVxtYvgUCissgXQ9,Hassan Shahvarpour,NK-ipVrFZf7o3drYzB3jPB6tu,Islamic Revolutionary Guard Corps (IRGC),Acting for or on behalf of,,,us_ofac_sdn
ofac-8f46826d2d622c89cfd2845c36b9684f04289ff6,UnknownLink,NK-QLsXqx9vVVi7Si4tM8rWqg,Mohammad Asgari,NK-ipVrFZf7o3drYzB3jPB6tu,Islamic Revolutionary Guard Corps (IRGC),Providing support to,,,us_ofac_sdn
ofac-8fcc810e067aa3b5f66c47a3f9b0376eb437f1c1,Representation,NK-EVgfwq7wRSataR8jvaMgxC,Yadollah Badin,NK-ipVrFZf7o3drYzB3jPB6tu,Islamic Revolutionary Guard Corps (IRGC),Acting for or on behalf of,,,us_ofac_sdn
ofac-90ab4061e183ee0da69709323c8ba5596f04b8f0,Representation,Q4342368,Mohammad Pakpour,NK-ipVrFZf7o3drYzB3jPB6tu,Islamic Revolutionary Guard Corps (IRGC),Acting for or on behalf of,,,us_ofac_sdn
ofac-913307f2bb431a974bdc22426d5296433a113c84,UnknownLink,NK-2eixRqePmhfxn4rpXFL5J4,Qingdao Premier Technology Co Ltd,NK-ipVrFZf7o3drYzB3jPB6tu,Islamic Revolutionary Guard Corps (IRGC),Providing support to,,,us_ofac_sdn
ofac-94995814ecab5fb5176e75902e102cbb5b05b16f,Representation,NK-VNERCZAZrpg5RvphApUB5B,Parviz ABSALAN,NK-ipVrFZf7o3drYzB3jPB6tu,Islamic Revolutionary Guard Corps (IRGC),Acting for or on behalf of,,,us_ofac_sdn
ofac-94e4ae35fce2f4b20c3f1196d269163ebef1072e,UnknownLink,NK-Zve9ffXz5psFkogs6uTaFA,OCEAN ALLIANZ SHIPPING LLC,NK-ipVrFZf7o3drYzB3jPB6tu,Islamic Revolutionary Guard Corps (IRGC),Providing support to,,,us_ofac_sdn
ofac-9509f96447ba42dc0d4ec090a659eaaa76b2f203,Representation,NK-YmhPApkeRGfmAuZ7Phxouz,Ghorban Mohammad VALIZADEH,NK-ipVrFZf7o3drYzB3jPB6tu,Islamic Revolutionary Guard Corps (IRGC),Acting for or on behalf of,,,us_ofac_sdn
ofac-993ea3f7ec84e514b4ac43cc02722e9d1d5055de,Representation,Q131197225,Hasan Hassanzadeh,NK-ipVrFZf7o3drYzB3jPB6tu,Islamic Revolutionary Guard Corps (IRGC),Acting for or on behalf of,,,us_ofac_sdn
ofac-9c79d49b301238b9da76e55e34dd158de5c04f44,UnknownLink,NK-ENRNZNb4YwWSC8PU2Qibqy,Fateh Aseman Sharif Company,NK-ipVrFZf7o3drYzB3jPB6tu,Islamic Revolutionary Guard Corps (IRGC),Providing support to,,,us_ofac_sdn
ofac-9cc6fd7939d33f7bb8f641c66bfdb3d4a6b9aeff,Representation,Q122258498,Yadollah Buali,NK-ipVrFZf7o3drYzB3jPB6tu,Islamic Revolutionary Guard Corps (IRGC),Acting for or on behalf of,,,us_ofac_sdn
ofac-a1cb2d47bdc113f819efec95a38b2671169e755c,Representation,NK-47US9RAkrjCr9J4y9dcPJm,Nematollah BAGHERI,NK-ipVrFZf7o3drYzB3jPB6tu,Islamic Revolutionary Guard Corps (IRGC),Acting for or on behalf of,,,us_ofac_sdn
ofac-a26de3e746244e17fddf5529aed1123c3b56fe8f,Representation,Q119059381,Ali Akbar POUR-JAMSHIDIAN,NK-ipVrFZf7o3drYzB3jPB6tu,Islamic Revolutionary Guard Corps (IRGC),Acting for or on behalf of,,,us_ofac_sdn
ofac-a767372e397bf22c23a6f37414d6262a28a718a2,Representation,NK-TYghj2c5NHsoPs4vRVQ4bV,Ali Ansari,NK-ipVrFZf7o3drYzB3jPB6tu,Islamic Revolutionary Guard Corps (IRGC),Acting for or on behalf of,,,us_ofac_sdn
ofac-a8218266fbd7bff5e7f9b713c0a89b509b44f382,UnknownLink,NK-RUk78FAfvme3QEDUmrwnUV,BLANCA GOODS WHOLESALER LLC,NK-ipVrFZf7o3drYzB3jPB6tu,Islamic Revolutionary Guard Corps (IRGC),Providing support to,,,us_ofac_sdn
ofac-a9c2a127c8acc0d721703c1748a168c50c5bc499,UnknownLink,NK-8TDFS7XnbcGfworfijpQ8D,SAMAN TEJARAT BARMAN TRADINGCOMPANY,NK-ipVrFZf7o3drYzB3jPB6tu,Islamic Revolutionary Guard Corps (IRGC),Providing support to,,,us_ofac_sdn
ofac-aa6f08e51b046d9773d0c0c43fb170cf8769159c,Representation,Q125560047,Abbas Gholamshahi,NK-ipVrFZf7o3drYzB3jPB6tu,Islamic Revolutionary Guard Corps (IRGC),Acting for or on behalf of,,,us_ofac_sdn
ofac-ad8bba22e911d51f5dc477fef98304d533e17104,UnknownLink,NK-gPJ9hD6w3ikrvctxipJhXf,ZEUS LOGISTICS GROUP,NK-ipVrFZf7o3drYzB3jPB6tu,Islamic Revolutionary Guard Corps (IRGC),Providing support to,,,us_ofac_sdn
ofac-b3ca2c0403e795b95bcd990d1de9056f149e10ec,UnknownLink,NK-ifqum332GLA2XtCU7LRGv7,Yousef Aboutalebi,NK-ipVrFZf7o3drYzB3jPB6tu,Islamic Revolutionary Guard Corps (IRGC),Providing support to,,,us_ofac_sdn
ofac-bb491cb2d8982791ad7d3379f3675712d203b8eb,Representation,NK-mzMurrz8wJQahwjahCWoB6,Ahmad Shafahi,NK-ipVrFZf7o3drYzB3jPB6tu,Islamic Revolutionary Guard Corps (IRGC),Acting for or on behalf of,,,us_ofac_sdn
ofac-be05571b48f64244438370f91ef7a161648edd24,Representation,Q119060394,Rouhollah Bazghandi,NK-ipVrFZf7o3drYzB3jPB6tu,Islamic Revolutionary Guard Corps (IRGC),Acting for or on behalf of,,,us_ofac_sdn
ofac-bfd7fed7ca75969d5a489b2603cc7850a3df3723,UnknownLink,NK-ZZkiTTse3chDkJrDXmLBWQ,Hasan Qahtan Al-Sa'idi,NK-ipVrFZf7o3drYzB3jPB6tu,Islamic Revolutionary Guard Corps (IRGC),Providing support to,,,us_ofac_sdn
ofac-c1ba527060086ca5b1c504a102afad9c6c9f2f9a,UnknownLink,NK-ZjAFhL7UAWTHJy57rwjYvx,Behrouz Namazi,NK-ipVrFZf7o3drYzB3jPB6tu,Islamic Revolutionary Guard Corps (IRGC),Providing support to,,,us_ofac_sdn
ofac-c9b0aa1b8f6f3be63d45bbf2f5a5c096d1a81f20,Representation,NK-BAbq5Zmm3z8ehJ9Siy6bTd,Javad Bordbar Shir Amin,NK-ipVrFZf7o3drYzB3jPB6tu,Islamic Revolutionary Guard Corps (IRGC),Acting for or on behalf of,,,us_ofac_sdn
ofac-ccfe57fe41da7297f2f83a417005c2080797d063,UnknownLink,NK-VhbRTuH7dVnatXe7y4wSf6,Muhammad Qahtan al-Sa'idi,NK-ipVrFZf7o3drYzB3jPB6tu,Islamic Revolutionary Guard Corps (IRGC),Providing support to,,,us_ofac_sdn
ofac-cd78540225dc2af7c22ce675bf68de624628ec18,Directorship,NK-7tsdHQGLZFFjhnvnF6qY5b,Samad Fathi Salami,NK-ipVrFZf7o3drYzB3jPB6tu,Islamic Revolutionary Guard Corps (IRGC),Leader or official of,,,us_ofac_sdn
ofac-d17cd16825e4f47ef944e12fe8a5b71239b9f0df,Representation,Q127414351,Hamid DAMGHANI,NK-ipVrFZf7o3drYzB3jPB6tu,Islamic Revolutionary Guard Corps (IRGC),Acting for or on behalf of,,,us_ofac_sdn
ofac-d28e82752248879ced880e1f05312782ac357113,Ownership,NK-ipVrFZf7o3drYzB3jPB6tu,Islamic Revolutionary Guard Corps (IRGC),NK-jE5CT2uhW8uureiPCVy843,Ansar Bank,Owned or Controlled By,,,us_ofac_sdn
ofac-d2db946d7f4e2ef2d0bfd4e9d5f69ecc3b5466fe,Ownership,NK-Le5JHd24EkxFTP8kQ32u29,Mahmoud Abdulilah Al-Dj,NK-4ZURfkkRkubWm2FfdVqq3F,Al-Ta'ir Company,Owned or Controlled By,,,us_ofac_sdn
ofac-d3ca0b378058310e7a46d6ab3c50f5565bfd9eb9,Representation,NK-o5eahBiaSk6EjzRPEsPZs5,Javad Ghaffarhaddadi,NK-ipVrFZf7o3drYzB3jPB6tu,Islamic Revolutionary Guard Corps (IRGC),Acting for or on behalf of,,,us_ofac_sdn
ofac-d6eef6fb6472180f5bdcf83487d870404e25fd19,UnknownLink,NK-DNab6tvzBySiSWVXTDRrTT,Lichun Xu,NK-ipVrFZf7o3drYzB3jPB6tu,Islamic Revolutionary Guard Corps (IRGC),Providing support to,,,us_ofac_sdn
ofac-d7f7d62b5142019baf7fbb0615764605cddb1230,Representation,NK-NTPMapNDMjXU8aHXCUgNGy,Khodarahm Sarani,NK-ipVrFZf7o3drYzB3jPB6tu,Islamic Revolutionary Guard Corps (IRGC),Acting for or on behalf of,,,us_ofac_sdn
ofac-da0aee7994801713e73f07eb51eaee27f73315cd,UnknownLink,NK-mhQiuCZKVuCaGFSoNF5Lh4,Oje Parvaz Mado Nafar Company,NK-ipVrFZf7o3drYzB3jPB6tu,Islamic Revolutionary Guard Corps (IRGC),Providing support to,,,us_ofac_sdn
ofac-dabe5f12f57412bd9f2fcd65c9ced1a93762cdf5,Representation,NK-kmyqJUK4SheACowgKdJ95U,Jamal Husayn ZAYNIYAH,NK-3H4SATNbUHJBsFEZHjB8eT,Hurras al-Din,Acting for or on behalf of,,,us_ofac_sdn
ofac-dbc789ea3165ec1eb399e078b622b3868ddbc19c,Representation,NK-btUYbDZ6oRQ5SdJM2ZKPVR,Hassan Asgari,NK-ipVrFZf7o3drYzB3jPB6tu,Islamic Revolutionary Guard Corps (IRGC),Acting for or on behalf of,,,us_ofac_sdn
ofac-dbe685be149d5f72cc6f00f06547d65eb3d3504f,Ownership,NK-ipVrFZf7o3drYzB3jPB6tu,Islamic Revolutionary Guard Corps (IRGC),NK-YvhBuayvMgWVWL4yN9prCr,Cognitive Design Production Center,Owned or Controlled By,,,us_ofac_sdn
ofac-e29ac989de9159fc018a55cfdf1d4bd30b140a9f,Representation,Q126995966,Sardar Seyed Sadegh Hosseini,NK-ipVrFZf7o3drYzB3jPB6tu,Islamic Revolutionary Guard Corps (IRGC),Acting for or on behalf of,,,us_ofac_sdn
ofac-e7e5d91b89a530d5912d2309f7b827a6b47212ca,Representation,Q123760878,Abbas Nilforushan,NK-ipVrFZf7o3drYzB3jPB6tu,Islamic Revolutionary Guard Corps (IRGC),Acting for or on behalf of,,,us_ofac_sdn
ofac-e895a554f46f6558d16a7ae462b1b3f18ae4d657,Representation,NK-mEi8xTvSxgBq8XrhP6LiYD,Ali Ahmidah al-Safrani,NK-nFg77q6vHJLmSUp8mm3pPS,ISLAMIC STATE OF IRAQ AND THE LEVANT (ISIS),Acting for or on behalf of,,,us_ofac_sdn
ofac-eaba06ab5efa7be3add2517eadecf79930c49fe2,Ownership,NK-ipVrFZf7o3drYzB3jPB6tu,Islamic Revolutionary Guard Corps (IRGC),NK-a4LXHRWm5pDj2gJp7MnzL4,Tasnim News Agency,Owned or Controlled By,,,us_ofac_sdn
ofac-f00a8917ca06aa6f9fb4ecfa9e433197cf448c2d,Ownership,NK-ipVrFZf7o3drYzB3jPB6tu,Islamic Revolutionary Guard Corps (IRGC),NK-W4xcJCwtH4hmWaezbVkZiv,Azadegan Transportation Company,Owned or Controlled By,,,us_ofac_sdn
ofac-f2017053d240f5e02089474c69c9fdb40efc1b99,Representation,Q128423833,Mazaher Majidi,NK-ipVrFZf7o3drYzB3jPB6tu,Islamic Revolutionary Guard Corps (IRGC),Acting for or on behalf of,,,us_ofac_sdn
ofac-f26384c45e8c5a8baca0fd64f377687c25017720,UnknownLink,NK-Vi66NTp7uG6HQ2VzftJdU8,Rayan Roshd Afzar Company,NK-ipVrFZf7o3drYzB3jPB6tu,Islamic Revolutionary Guard Corps (IRGC),Providing support to,,,us_ofac_sdn
ofac-f3b7426e231d6b624b11710c5f3d7dcb561439cb,UnknownLink,NK-MnFkb9k4MJ477XDeS5Fqg4,Haytham Sabih Sa'id,NK-ipVrFZf7o3drYzB3jPB6tu,Islamic Revolutionary Guard Corps (IRGC),Providing support to,,,us_ofac_sdn
ofac-f4ea4b5f79c160f36333d2090e3f2334eb709a05,Representation,NK-dYEfCaPkqhV58dGm96WM29,Saeed Beheshti rad,NK-ipVrFZf7o3drYzB3jPB6tu,Islamic Revolutionary Guard Corps (IRGC),Acting for or on behalf of,,,us_ofac_sdn
ofac-f56c50f20b78f59be8401798fb018bfa7915db97,Representation,NK-iqGt93kQpGhRxEVy4KjriT,Kourosh ASIABANI,NK-ipVrFZf7o3drYzB3jPB6tu,Islamic Revolutionary Guard Corps (IRGC),Acting for or on behalf of,,,us_ofac_sdn
ofac-f75715bdbe6823e8e684ac6cc30095dcf1386ea3,UnknownLink,NK-mcEA6S3Pp8oqJvDp7SDksJ,Mariya Vladimirovna Selina,NK-ipVrFZf7o3drYzB3jPB6tu,Islamic Revolutionary Guard Corps (IRGC),Providing support to,,,us_ofac_sdn
ofac-f8fecae77ded3892c9cb1573f57445d4e993ddc2,Representation,NK-28DYyZtuHyHDr3Gk7spEQM,Fars News Agency,NK-ipVrFZf7o3drYzB3jPB6tu,Islamic Revolutionary Guard Corps (IRGC),Acting for or on behalf of,,,us_ofac_sdn
ofac-fb985ebf7651da053ca7103cdc7bb2946264a50e,Representation,Q25423789,Yadollah Javani,NK-ipVrFZf7o3drYzB3jPB6tu,Islamic Revolutionary Guard Corps (IRGC),Acting for or on behalf of,,,us_ofac_sdn
ofac-fe86ed2c96d742674af2c3d3b784769f1f7773e7,UnknownLink,Q12240503,Mohammad Reza Raouf Sheibani,NK-npdZSrDYbpdVnmUndsGzzA,Hizballah,Providing support to,,,us_ofac_sdn
sa-pcct-01cfbe85ad1625dd7e6f6f6aa9ba4318053412cf,UnknownLink,sa-pcct-711eb654da884a5bdabcbd584cfbf9b6bfaccc35,BANK OF MILLET,NK-ipVrFZf7o3drYzB3jPB6tu,Islamic Revolutionary Guard Corps (IRGC),Linked terrorist organization,,,sa_pcct_terrorism_list
sa-pcct-1f564191a73d63335da1e070f71c039f5cd1a6d4,UnknownLink,NK-nZpuCDynSU2JCBn6A9FE4J,QASSIM ABDULLAH ALI,NK-ipVrFZf7o3drYzB3jPB6tu,Islamic Revolutionary Guard Corps (IRGC),Linked terrorist organization,,,sa_pcct_terrorism_list
sa-pcct-1ffa8fbfeb9502e6d3335cc21816ab19ba3ca6bb,UnknownLink,NK-c55S959ZVS6JnyQZCzjPPN,Bonyad Taavon Basij,NK-ipVrFZf7o3drYzB3jPB6tu,Islamic Revolutionary Guard Corps (IRGC),Linked terrorist organization,,,sa_pcct_terrorism_list
sa-pcct-25b72966c7f78955f47d852c4fc7992cd02c91ce,UnknownLink,NK-MmRr4bivDQbLzq3uzci7oP,Abdo Abdullah Dael Ahmed,NK-ipVrFZf7o3drYzB3jPB6tu,Islamic Revolutionary Guard Corps (IRGC),Linked terrorist organization,,,sa_pcct_terrorism_list
sa-pcct-26083be7a4ef364a285cd4f236ba394a20ba799f,UnknownLink,NK-AfP34MpmmNrnqdyqTeMHrL,Shibl Muhsin 'Ubayd Al-Zaydi,NK-ipVrFZf7o3drYzB3jPB6tu,Islamic Revolutionary Guard Corps (IRGC),Linked terrorist organization,,,sa_pcct_terrorism_list
sa-pcct-262871144ee21b440886a3c7e229076138d54905,UnknownLink,NK-RFRRB2ey3qFEnnmB2XCceA,IQTISAD MEHR FINANCIAL GROUP,NK-ipVrFZf7o3drYzB3jPB6tu,Islamic Revolutionary Guard Corps (IRGC),Linked terrorist organization,,,sa_pcct_terrorism_list
sa-pcct-28603af4b299237afb65904466dcc408b7af60ab,UnknownLink,NK-Ufn4fdY4HcVzqzbc3a4vB7,Muhammad Qasim Al-Bazzal,NK-ipVrFZf7o3drYzB3jPB6tu,Islamic Revolutionary Guard Corps (IRGC),Linked terrorist organization,,,sa_pcct_terrorism_list
sa-pcct-2ce117319e432e51862d29c882ed3d521fb82ef7,UnknownLink,NK-NebXD3fjLkbFyZaTuQLAmL,Saraya al-Mukhtar,NK-ipVrFZf7o3drYzB3jPB6tu,Islamic Revolutionary Guard Corps (IRGC),Linked terrorist organization,,,sa_pcct_terrorism_list
sa-pcct-311e412efa0980813a446a621726eab43f3e8212,UnknownLink,NK-Xz9VbxXJDbFXEihkmbvkdu,MANOJ SABHARWAL OM PRAKASH,NK-ipVrFZf7o3drYzB3jPB6tu,Islamic Revolutionary Guard Corps (IRGC),Linked terrorist organization,,,sa_pcct_terrorism_list
sa-pcct-38807aa4eb0cd0ceb8d9a4e453c2d6ec40d1abb9,UnknownLink,NK-F4woLMysr2xtzxN6aKDPV5,TADIRGARAN ATIYEH IRANIAN INVESTMENT COMPANY,NK-ipVrFZf7o3drYzB3jPB6tu,Islamic Revolutionary Guard Corps (IRGC),Linked terrorist organization,,,sa_pcct_terrorism_list
sa-pcct-39083c1d193551cf7b7139a172ec5a8603499721,UnknownLink,NK-iymWPuUPtRPqZdtMnEYVBk,Bahman Group,NK-ipVrFZf7o3drYzB3jPB6tu,Islamic Revolutionary Guard Corps (IRGC),Linked terrorist organization,,,sa_pcct_terrorism_list
sa-pcct-3f141430e42cf0f89a96530c90b1359ea291df6e,UnknownLink,Q125560047,Abbas Gholamshahi,NK-ipVrFZf7o3drYzB3jPB6tu,Islamic Revolutionary Guard Corps (IRGC),Linked terrorist organization,,,sa_pcct_terrorism_list
sa-pcct-4311812413faa469ebe8b34965ea115ba9a2f9be,UnknownLink,NK-gpsZisXS7dwpfsGXJPsbw2,Al-Ashtar,NK-ipVrFZf7o3drYzB3jPB6tu,Islamic Revolutionary Guard Corps (IRGC),Linked terrorist organization,,,sa_pcct_terrorism_list
sa-pcct-4495a193f0fc6f6c1b720dfb551e26ad1d336758,UnknownLink,NK-gKrAm5TtGc6x8yqzRvzkd5,Muhammad Qasir,NK-ipVrFZf7o3drYzB3jPB6tu,Islamic Revolutionary Guard Corps (IRGC),Linked terrorist organization,,,sa_pcct_terrorism_list
sa-pcct-45234372a297914605440af3fc0b3b4c0424ecee,UnknownLink,NK-TinkkQtAdcc5orgs3zc7qN,Mohammadreza Ali Akbari,NK-ipVrFZf7o3drYzB3jPB6tu,Islamic Revolutionary Guard Corps (IRGC),Linked terrorist organization,,,sa_pcct_terrorism_list
sa-pcct-45bb5f3f398e84d8d56d8582f81ca1b9b8f85d2b,UnknownLink,Q81696347,Abdul Reza Shahlai,NK-ipVrFZf7o3drYzB3jPB6tu,Islamic Revolutionary Guard Corps (IRGC),Linked terrorist organization,,,sa_pcct_terrorism_list
sa-pcct-47df9497b20f5a5acc7d571a0ec2f610fc7b8b4b,UnknownLink,NK-4YKsbTe29VbRCQu6NqziRL,Iran Tractor Manufacturing Company,NK-ipVrFZf7o3drYzB3jPB6tu,Islamic Revolutionary Guard Corps (IRGC),Linked terrorist organization,,,sa_pcct_terrorism_list
sa-pcct-498b570263744b9a07786620c287586a96424415,UnknownLink,NK-H4LD8U38qJrfKnHyaCDz7w,CALCIMINE,NK-ipVrFZf7o3drYzB3jPB6tu,Islamic Revolutionary Guard Corps (IRGC),Linked terrorist organization,,,sa_pcct_terrorism_list
sa-pcct-4b1f51c2069abaf83abf27d7d82679211d548e9c,UnknownLink,NK-oLn8V8t63b7aoyVtGw9jyv,Alireza Atabaki,NK-ipVrFZf7o3drYzB3jPB6tu,Islamic Revolutionary Guard Corps (IRGC),Linked terrorist organization,,,sa_pcct_terrorism_list
sa-pcct-4e2c6405487fb805be6f75779aa386033be28c37,UnknownLink,NK-446LyQXDAU8WtWgWVfjB8r,Ansar Exchange,NK-ipVrFZf7o3drYzB3jPB6tu,Islamic Revolutionary Guard Corps (IRGC),Linked terrorist organization,,,sa_pcct_terrorism_list
sa-pcct-4f521cb83d9336b19690468ae2332fa5318e0674,UnknownLink,NK-am4M4hQG6F4MBYVQBQwXRH,SWAID AND SONS FOR EXCHANGE CO,NK-ipVrFZf7o3drYzB3jPB6tu,Islamic Revolutionary Guard Corps (IRGC),Linked terrorist organization,,,sa_pcct_terrorism_list
sa-pcct-503f55fccc34d6b4e0e151a601949361ee96eb0f,UnknownLink,NK-MLfdhQKBKsjEynrGXkq5mp,Destiny,NK-ipVrFZf7o3drYzB3jPB6tu,Islamic Revolutionary Guard Corps (IRGC),Linked terrorist organization,,,sa_pcct_terrorism_list
sa-pcct-50e38ffbb231504372357df67e5f728724b7147d,UnknownLink,NK-7sL7HP9VHGYc6xwpvKQnvF,"JABER, SALEM JABER OMAR ALI SULTAN FATHALLAH",NK-3podLWzo9udm7yDeN2Qu8g,THE MUSLIM BROTHERHOOD,Linked terrorist organization,,,sa_pcct_terrorism_list
sa-pcct-511dec4a599057cb9c443dacbf6cf353c3fb69d3,UnknownLink,NK-3bomqyXWFAntu5nbrRVKTH,Fani Oil Trading FZE,NK-ipVrFZf7o3drYzB3jPB6tu,Islamic Revolutionary Guard Corps (IRGC),Linked terrorist organization,,,sa_pcct_terrorism_list
sa-pcct-533d3eaca875f06b2724d4e720c385b22789ac17,UnknownLink,Q108919185,Hussam Al-Qatirji,NK-ipVrFZf7o3drYzB3jPB6tu,Islamic Revolutionary Guard Corps (IRGC),Linked terrorist organization,,,sa_pcct_terrorism_list
sa-pcct-535c7a587569898e227c689b2231c27632cbdac0,UnknownLink,NK-bqHtiingHrG89XMLkzXvBf,Iran Zinc Mines Development Company,NK-ipVrFZf7o3drYzB3jPB6tu,Islamic Revolutionary Guard Corps (IRGC),Linked terrorist organization,,,sa_pcct_terrorism_list
sa-pcct-5719271f258882ddb95e4dce114d66468fecff25,UnknownLink,NK-daTqt72Roi4TNEyQJaYqAj,NEGIN SAHIL ROYAL INVESTMENT COMPANY,NK-ipVrFZf7o3drYzB3jPB6tu,Islamic Revolutionary Guard Corps (IRGC),Linked terrorist organization,,,sa_pcct_terrorism_list
sa-pcct-5a2ec286bd3912722e4f25de559feff9ae29000f,UnknownLink,Q307229,ABD AL-HAKIM BELHAJ,NK-ncB6saL459UrpWpopB8bsR,AL QA'IDA,Linked terrorist organization,,,sa_pcct_terrorism_list
sa-pcct-5b0249fd141c0cb77c88342a54d68afbcb7e9d93,UnknownLink,NK-66mRzDZBMMufdvKCXYD3Fw,Jami' 'Ali Muhammad,NK-ipVrFZf7o3drYzB3jPB6tu,Islamic Revolutionary Guard Corps (IRGC),Linked terrorist organization,,,sa_pcct_terrorism_list
sa-pcct-5b0b10dbd06f2459fda01e9793b62528551947d4,UnknownLink,NK-26aLUdNdrvaLZphX6xQrr5,MANABEA THARWAT AL-JANOOB GENERAL TRADING COMPANY LLC,NK-ipVrFZf7o3drYzB3jPB6tu,Islamic Revolutionary Guard Corps (IRGC),Linked terrorist organization,,,sa_pcct_terrorism_list
sa-pcct-5b7c1f156cf0ed2cb3d8fc44a313c60a5ccd49d4,UnknownLink,NK-GNVD9dTpoQ4F3m5RhCDAzn,Taif Mining Services LLC,NK-ipVrFZf7o3drYzB3jPB6tu,Islamic Revolutionary Guard Corps (IRGC),Linked terrorist organization,,,sa_pcct_terrorism_list
sa-pcct-6015b13e7ff42b099150aaaf6e76b1264732a501,UnknownLink,NK-knHaQ9xFi4WthPB4vD98Eg,DELICE,NK-ipVrFZf7o3drYzB3jPB6tu,Islamic Revolutionary Guard Corps (IRGC),Linked terrorist organization,,,sa_pcct_terrorism_list
sa-pcct-652b04d92a1629aef09167b68210994697ed1806,UnknownLink,NK-3ydrtJ4Mutkok8jnjnca4Y,JJO General Trading Gida Sanayi Ve Ticaret Anonim Sirketi,NK-ipVrFZf7o3drYzB3jPB6tu,Islamic Revolutionary Guard Corps (IRGC),Linked terrorist organization,,,sa_pcct_terrorism_list
sa-pcct-665bd805a749dc32c18d8f2effdc2b5f7a7573b0,UnknownLink,NK-cDNcN876vrMzC7SZcMk49G,ANDISHEH MAHVARAN INVESTMENT COMPANY,NK-ipVrFZf7o3drYzB3jPB6tu,Islamic Revolutionary Guard Corps (IRGC),Linked terrorist organization,,,sa_pcct_terrorism_list
sa-pcct-667fb8acbadba7e137d8ffb8305f25b7a8c4de93,UnknownLink,NK-hnvfY8qU9frVhv7dSkeyNA,Kish P and I Club,NK-ipVrFZf7o3drYzB3jPB6tu,Islamic Revolutionary Guard Corps (IRGC),Linked terrorist organization,,,sa_pcct_terrorism_list
sa-pcct-6dc60d9c28409e3ac1629dada2c649cc176788fe,UnknownLink,NK-feYNmGKcERMWxVkoEenzvr,ALFOULK TRADING CO .L.L.C,NK-ipVrFZf7o3drYzB3jPB6tu,Islamic Revolutionary Guard Corps (IRGC),Linked terrorist organization,,,sa_pcct_terrorism_list
sa-pcct-6fbe062d46f805447099e191c65ef82761d17ca0,UnknownLink,NK-eh2Tfuq7iNMqDnCZYQbzsN,Adoon General Trading FZE,NK-ipVrFZf7o3drYzB3jPB6tu,Islamic Revolutionary Guard Corps (IRGC),Linked terrorist organization,,,sa_pcct_terrorism_list
sa-pcct-708cb921af00489d87cb3bf95d831bf82006581c,UnknownLink,NK-9Jw3VJsfPatkvDQbrQWC7n,Parsian Bank,NK-ipVrFZf7o3drYzB3jPB6tu,Islamic Revolutionary Guard Corps (IRGC),Linked terrorist organization,,,sa_pcct_terrorism_list
sa-pcct-71ec12cbc892dd884236341b07a00c5bad302f29,UnknownLink,Q127464864,Muhammad Bara Qatarji,NK-ipVrFZf7o3drYzB3jPB6tu,Islamic Revolutionary Guard Corps (IRGC),Linked terrorist organization,,,sa_pcct_terrorism_list
sa-pcct-78469bd0926111cf1f7803c8a7ba690dcee0431d,UnknownLink,NK-EVgfwq7wRSataR8jvaMgxC,Yadollah Badin,NK-ipVrFZf7o3drYzB3jPB6tu,Islamic Revolutionary Guard Corps (IRGC),Linked terrorist organization,,,sa_pcct_terrorism_list
sa-pcct-7fe9df5f8953b52af7c08dc1e0fd35e21fbb60fb,UnknownLink,NK-mXTqef7eyaz6aXerpCXT4N,TEKTER INVESTMENT COMPANY,NK-ipVrFZf7o3drYzB3jPB6tu,Islamic Revolutionary Guard Corps (IRGC),Linked terrorist organization,,,sa_pcct_terrorism_list
sa-pcct-82fc0879011b41cd06d8edc83b373a0f834f2eb7,UnknownLink,NK-6m4kWcVXGzAzayrS3chbSG,"ASHTARI, MAHMOOD",NK-ipVrFZf7o3drYzB3jPB6tu,Islamic Revolutionary Guard Corps (IRGC),Linked terrorist organization,,,sa_pcct_terrorism_list
sa-pcct-838bebc5785668a9d914fc86036c11b55e92dbe4,UnknownLink,NK-4houE2UxgP2YYDWHtWDiXY,"AL-SALLABI, ALI MOHAMMED MOHAMMED",NK-3podLWzo9udm7yDeN2Qu8g,THE MUSLIM BROTHERHOOD,Linked terrorist organization,,,sa_pcct_terrorism_list
sa-pcct-894fdd5d9106c1ef6eecb025badc44e12cc0c3e9,UnknownLink,NK-FJsMeg3J67Hk3QxHqw4CpU,Al Hadha Exchange Co,NK-ipVrFZf7o3drYzB3jPB6tu,Islamic Revolutionary Guard Corps (IRGC),Linked terrorist organization,,,sa_pcct_terrorism_list
sa-pcct-8956268438d15eecc2ab58599c9ee70ce981bcdd,UnknownLink,NK-YSJstkRDhJjGHko6FdVx9Z,Meghdad Amini,NK-ipVrFZf7o3drYzB3jPB6tu,Islamic Revolutionary Guard Corps (IRGC),Linked terrorist organization,,,sa_pcct_terrorism_list
sa-pcct-8cb5c05038b4657a35b66b17ab1f9261f83e3487,UnknownLink,NK-kmGhw7uZkddTMsmNpLjk5Q,QESHM ZINC SMELTING AND REDUCTION COMPANY.,NK-ipVrFZf7o3drYzB3jPB6tu,Islamic Revolutionary Guard Corps (IRGC),Linked terrorist organization,,,sa_pcct_terrorism_list
sa-pcct-90028039c0dc4bc128b8225778a6d079fdd45c38,UnknownLink,NK-CWUnm8DJ9gotyVwJ8zHNbT,MEHR EQTESAD IRANIAN INVESTMENT COMPANY,NK-ipVrFZf7o3drYzB3jPB6tu,Islamic Revolutionary Guard Corps (IRGC),Linked terrorist organization,,,sa_pcct_terrorism_list
sa-pcct-926ae5a0692231e8cf3cc9674d90d4e119d29510,UnknownLink,NK-XWSyx9LtLfH8pe3JToRtnX,FEBRUARY 14 COALITION,NK-ipVrFZf7o3drYzB3jPB6tu,Islamic Revolutionary Guard Corps (IRGC),Linked terrorist organization,,,sa_pcct_terrorism_list
sa-pcct-929be1eb5aa15c1cea78fa9bb579bb5cd5289130,UnknownLink,NK-3MfQWRpv5SmXALt6gxHqFA,Mansur Ravankar,NK-ipVrFZf7o3drYzB3jPB6tu,Islamic Revolutionary Guard Corps (IRGC),Linked terrorist organization,,,sa_pcct_terrorism_list
sa-pcct-93fb91b6775920cd0baef337198912c1bd16736a,UnknownLink,NK-kTPfYus4sA6D9qKFnyuZBz,Hamrahan Pishro Tejarat Trading Company,NK-ipVrFZf7o3drYzB3jPB6tu,Islamic Revolutionary Guard Corps (IRGC),Linked terrorist organization,,,sa_pcct_terrorism_list
sa-pcct-94e292762d5fca026e452a927e3cdfa7e8c9b88b,UnknownLink,NK-btMzoFNBguMNzwMzJZtycP,Abdul Jalil Mallah,NK-ipVrFZf7o3drYzB3jPB6tu,Islamic Revolutionary Guard Corps (IRGC),Linked terrorist organization,,,sa_pcct_terrorism_list
sa-pcct-969dd5836273b620fe305e0000096e506b5b813d,UnknownLink,Q2385932,"AL-HARATI, MAHDI",NK-ncB6saL459UrpWpopB8bsR,AL QA'IDA,Linked terrorist organization,,,sa_pcct_terrorism_list
sa-pcct-970583ed42494ce046ada0ec4e648e2dba7b648d,UnknownLink,NK-bsdHmQ7Psay9MXYjPxL77Z,Ayatollah Ebrahimi,NK-ipVrFZf7o3drYzB3jPB6tu,Islamic Revolutionary Guard Corps (IRGC),Linked terrorist organization,,,sa_pcct_terrorism_list
sa-pcct-99f4497e11a5cc93ec387164c614ac54dc7a7b8c,UnknownLink,NK-dqAaENTGtNQ4anQuKLWc5u,ISLAMIC REVOLUTIONARY GUARD CORPS (IRGC)-QODS FORCE,NK-ipVrFZf7o3drYzB3jPB6tu,Islamic Revolutionary Guard Corps (IRGC),Linked terrorist organization,,,sa_pcct_terrorism_list
sa-pcct-9b7eb66244dee5f9c78f8c28fc92de44c78ad0fa,UnknownLink,NK-fnq9mAtrqxMRBQLYYh2PQZ,Sina Bank,NK-ipVrFZf7o3drYzB3jPB6tu,Islamic Revolutionary Guard Corps (IRGC),Linked terrorist organization,,,sa_pcct_terrorism_list
sa-pcct-9cbb062bb25766ad6c97d3b02c9b07fb10951b69,UnknownLink,NK-2MS7jsniKXBFQqiFLMF5Fm,AHMED ABD AL-JALEEL AL-HASNAWI,NK-ncB6saL459UrpWpopB8bsR,AL QA'IDA,Linked terrorist organization,,,sa_pcct_terrorism_list
sa-pcct-a1146261ce0d3e6dde7b94f72b53306d75dec004,UnknownLink,Q3790254,Rostam Qasemi,NK-ipVrFZf7o3drYzB3jPB6tu,Islamic Revolutionary Guard Corps (IRGC),Linked terrorist organization,,,sa_pcct_terrorism_list
sa-pcct-a40e45a301b82dfb1bc59b84ff5a556252f76dca,UnknownLink,Q135875169,Abdi Nasir Ali Mahamud,NK-ipVrFZf7o3drYzB3jPB6tu,Islamic Revolutionary Guard Corps (IRGC),Linked terrorist organization,,,sa_pcct_terrorism_list
sa-pcct-a64f713fe9df8cec37f93b4091a0d2691cdbd255,UnknownLink,NK-fnCbiJENHXpKRLjpQ87ehU,HAPPINESS I,NK-ipVrFZf7o3drYzB3jPB6tu,Islamic Revolutionary Guard Corps (IRGC),Linked terrorist organization,,,sa_pcct_terrorism_list
sa-pcct-a8b97abe5d08b2e1b000c0672abe473fe2bfec08,UnknownLink,NK-GochgB48DMGz8iNBKWBU8F,AL-SAADI ABDULLAH IBRAHIM BUKHAZEM,NK-ncB6saL459UrpWpopB8bsR,AL QA'IDA,Linked terrorist organization,,,sa_pcct_terrorism_list
sa-pcct-a9c4c63963d8c6a3893fb5e8b1346466fd9ba2dc,UnknownLink,NK-Lqx5ms4MCtwLX4VKSWHrzQ,SUSANGIRD,NK-ipVrFZf7o3drYzB3jPB6tu,Islamic Revolutionary Guard Corps (IRGC),Linked terrorist organization,,,sa_pcct_terrorism_list
sa-pcct-aae7ebb832348a358be28d9d1f732ca5697081b0,UnknownLink,NK-Jqt6zaFzFhL59DPnYZ8jU4,"AL-RAWI, TALIB' ALI HUSAYN AL-AHMED",NK-ipVrFZf7o3drYzB3jPB6tu,Islamic Revolutionary Guard Corps (IRGC),Linked terrorist organization,,,sa_pcct_terrorism_list
sa-pcct-ae06a36f047bfa685ae57392dd7f24b31f548ee6,UnknownLink,NK-6DDzKQ58m43rkyGfX2rWmC,"AS'AD, HANI ABD-AL-MAJID MUHAMMAD",NK-ipVrFZf7o3drYzB3jPB6tu,Islamic Revolutionary Guard Corps (IRGC),Linked terrorist organization,,,sa_pcct_terrorism_list
sa-pcct-b0c6568dd0649b9dd1ebeeaf542e3af085e672b9,UnknownLink,NK-BfsQqYjcYUVGWCSaULtUk4,Zanjan Acid Production Company,NK-ipVrFZf7o3drYzB3jPB6tu,Islamic Revolutionary Guard Corps (IRGC),Linked terrorist organization,,,sa_pcct_terrorism_list
sa-pcct-b27eab606f0baa97bdebd590e823859cf515fbb3,UnknownLink,NK-36BimqBDqNvZyXA6dxrZFu,Ansar Bank Brokerage Company,NK-ipVrFZf7o3drYzB3jPB6tu,Islamic Revolutionary Guard Corps (IRGC),Linked terrorist organization,,,sa_pcct_terrorism_list
sa-pcct-b32dfa0173ccd0229bdddebdf3f26778204b3718,UnknownLink,NK-Z46gvWWD6E8t6QYBRobqs6,ADOON GENERAL TRADING GIDA SANAYI VE TICARET ANONIM,NK-ipVrFZf7o3drYzB3jPB6tu,Islamic Revolutionary Guard Corps (IRGC),Linked terrorist organization,,,sa_pcct_terrorism_list
sa-pcct-b47391f37c3226c911cbb31176f08b5fb28cff66,UnknownLink,NK-SKhpBYjPpVkLzkXxcgBQzo,Morteza Hashemi,NK-ipVrFZf7o3drYzB3jPB6tu,Islamic Revolutionary Guard Corps (IRGC),Linked terrorist organization,,,sa_pcct_terrorism_list
sa-pcct-b9e06e0bff0e02739b77935d6944695152165e81,UnknownLink,NK-m5kKDYeGrDVJn5FzJswQes,"GHAEEMI, MORTEZA",NK-ipVrFZf7o3drYzB3jPB6tu,Islamic Revolutionary Guard Corps (IRGC),Linked terrorist organization,,,sa_pcct_terrorism_list
sa-pcct-b9e2cba27f66f212fc1985fe7de9efe6856fb9a1,UnknownLink,NK-ZEjNY6NXEwD8X6q7n8jHzQ,ESFAHAN MOBARAKEH STEEL COMPANY,NK-ipVrFZf7o3drYzB3jPB6tu,Islamic Revolutionary Guard Corps (IRGC),Linked terrorist organization,,,sa_pcct_terrorism_list
sa-pcct-b9f3a794c60a8a4b70b64d1a52c861a8ebf6c52f,UnknownLink,NK-ZKuzJftmUCZAnHGA2jHUyt,PARSIAN CATALYST CHEMICAL COMPANY.,NK-ipVrFZf7o3drYzB3jPB6tu,Islamic Revolutionary Guard Corps (IRGC),Linked terrorist organization,,,sa_pcct_terrorism_list
sa-pcct-bb1195d7592f00da095bc9ce64c1372d3da319ce,UnknownLink,NK-mpMBjA6ckAihn7M6PKLQ2h,Alumix,NK-ipVrFZf7o3drYzB3jPB6tu,Islamic Revolutionary Guard Corps (IRGC),Linked terrorist organization,,,sa_pcct_terrorism_list
sa-pcct-be0ede28dab7f28f8dbb06c88fac435230e50b91,UnknownLink,NK-ABigoeCwt6BgNKAcYVy3Yd,Atlas Exchange,NK-ipVrFZf7o3drYzB3jPB6tu,Islamic Revolutionary Guard Corps (IRGC),Linked terrorist organization,,,sa_pcct_terrorism_list
sa-pcct-c16a7ec2bbc0287ebd904ab37bdc68fd596c4e66,UnknownLink,NK-RH2s4uxqZLpzrCgyKMJRcv,"GARANTI IHRACAT ITHALAT KUYU, MCULUK DIS TICARET LIMITED SIRKETI",NK-ipVrFZf7o3drYzB3jPB6tu,Islamic Revolutionary Guard Corps (IRGC),Linked terrorist organization,,,sa_pcct_terrorism_list
sa-pcct-c1977564670493d9d9d0777ca2e0732414ab31d1,UnknownLink,NK-6dfFozPvWWsmPx2MUMseez,Technotar Engineering Company,NK-ipVrFZf7o3drYzB3jPB6tu,Islamic Revolutionary Guard Corps (IRGC),Linked terrorist organization,,,sa_pcct_terrorism_list
sa-pcct-c2595ff7969ba1718ec62cb303aa234371f95835,UnknownLink,NK-4mtWBti7Fkrh4ZC6pun7wu,Basij Resistance Force,NK-ipVrFZf7o3drYzB3jPB6tu,Islamic Revolutionary Guard Corps (IRGC),Linked terrorist organization,,,sa_pcct_terrorism_list
sa-pcct-c2795ec303a2566af871eb6d87ecf9b955e36200,UnknownLink,NK-GjAEVSCgQyfTMBxmrv7KXE,Ramezan Zirahi,NK-ipVrFZf7o3drYzB3jPB6tu,Islamic Revolutionary Guard Corps (IRGC),Linked terrorist organization,,,sa_pcct_terrorism_list
sa-pcct-c3074fad75e4f09a0e0d6cd452049cd238c2e330,UnknownLink,NK-cbNtrQxwNDNsp7MiTrZ99U,THE POPULAR RESISTANCE BRIGADES,NK-ipVrFZf7o3drYzB3jPB6tu,Islamic Revolutionary Guard Corps (IRGC),Linked terrorist organization,,,sa_pcct_terrorism_list
sa-pcct-c75bce18e30e2ef529fe4ba5af6a1fe38407add0,UnknownLink,NK-jRwdpfgCZ68SqqLVnRXJSx,MOAZ ABDALLA DAEL FOR IMPORT AND EXPORT,NK-ipVrFZf7o3drYzB3jPB6tu,Islamic Revolutionary Guard Corps (IRGC),Linked terrorist organization,,,sa_pcct_terrorism_list
sa-pcct-c7e6eaa31fbb9509e0f8506bffae314b1838e12d,UnknownLink,NK-cejRmnGjnhv7y27eX28fcC,Ali Qasir,NK-ipVrFZf7o3drYzB3jPB6tu,Islamic Revolutionary Guard Corps (IRGC),Linked terrorist organization,,,sa_pcct_terrorism_list
sa-pcct-c7fcbaed6a8b2e66905407869d755e6a8b29501d,UnknownLink,NK-43MRjWTRbdiZ6G9XVaTEux,ADOON GENERAL TRADING L.L.C,NK-ipVrFZf7o3drYzB3jPB6tu,Islamic Revolutionary Guard Corps (IRGC),Linked terrorist organization,,,sa_pcct_terrorism_list
sa-pcct-c90176c10923e6c314a7f1bd519693f819577344,UnknownLink,NK-k8zDypp6Yxa9uFfJNUK2cz,Sa'id Ahmad Muhammad Al-Jamal,NK-ipVrFZf7o3drYzB3jPB6tu,Islamic Revolutionary Guard Corps (IRGC),Linked terrorist organization,,,sa_pcct_terrorism_list
sa-pcct-d064122e579113883d3d6c959ed04412956093d2,UnknownLink,NK-FTCU4D7jhkFn5JCv3P9hHN,"AL-QHRIANY, AL-SADIQ ABD-ALRAHMAN ALI",NK-3podLWzo9udm7yDeN2Qu8g,THE MUSLIM BROTHERHOOD,Linked terrorist organization,,,sa_pcct_terrorism_list
sa-pcct-d4639bc598c7c6485156528510b47f8a1efc0dbe,UnknownLink,NK-VpyDLB6jumX44BTJTgVWeq,Konstantinos Stavridis,NK-ipVrFZf7o3drYzB3jPB6tu,Islamic Revolutionary Guard Corps (IRGC),Linked terrorist organization,,,sa_pcct_terrorism_list
sa-pcct-d67c6b18cb3ca4037368e2d975990a2109285a36,UnknownLink,NK-gi7rgpNBnXSGHkKQdiVs9r,Al-Qatirji Company,NK-ipVrFZf7o3drYzB3jPB6tu,Islamic Revolutionary Guard Corps (IRGC),Linked terrorist organization,,,sa_pcct_terrorism_list
sa-pcct-d6c4f80748786e27825859f0169013a08aef269e,UnknownLink,NK-SpaaQELqBC2epnosd5YWF2,BAHRAIN FREEDOM MOVEMENT,NK-ipVrFZf7o3drYzB3jPB6tu,Islamic Revolutionary Guard Corps (IRGC),Linked terrorist organization,,,sa_pcct_terrorism_list
sa-pcct-db2531f2e4d0aae5e22c48aad0bbf56212e6fe1c,UnknownLink,NK-X5iawSa5BbFxZuaTrSfTBr,Chiranjeev Kumar Singh,NK-ipVrFZf7o3drYzB3jPB6tu,Islamic Revolutionary Guard Corps (IRGC),Linked terrorist organization,,,sa_pcct_terrorism_list
sa-pcct-dbcf010a69b7afb1dce8fb6c391a0241fefca3ff,UnknownLink,NK-gE5hQj5gJZcLSZrgF2UNFD,Bandar Abbas Zinc Production Company,NK-ipVrFZf7o3drYzB3jPB6tu,Islamic Revolutionary Guard Corps (IRGC),Linked terrorist organization,,,sa_pcct_terrorism_list
sa-pcct-e2a7db729409622d1efd10eb4c34a085bc92459a,UnknownLink,sa-pcct-e48993cbbe4edd32bd447ad187b2fb953f555a6f,Yasmine,NK-ipVrFZf7o3drYzB3jPB6tu,Islamic Revolutionary Guard Corps (IRGC),Linked terrorist organization,,,sa_pcct_terrorism_list
sa-pcct-e589ec77aafebb35202c869e40f6c902908eed88,UnknownLink,NK-djnjH2kTpvZTffMRp6rRjE,Shamsollah Asadi,NK-ipVrFZf7o3drYzB3jPB6tu,Islamic Revolutionary Guard Corps (IRGC),Linked terrorist organization,,,sa_pcct_terrorism_list
sa-pcct-e89adf32c04b3d35d1d53c39b51f2bd8c18b75b6,UnknownLink,NK-DbY9gqAiqRKSZ4qWmbkaio,Hamed Abdollahi,NK-ipVrFZf7o3drYzB3jPB6tu,Islamic Revolutionary Guard Corps (IRGC),Linked terrorist organization,,,sa_pcct_terrorism_list
sa-pcct-e93b6279e080386caaa7a96aeda6efacec3f00b1,UnknownLink,NK-jVfHFouz7oC2dzNjSYKS4n,Africo 1 Off-Shore SAL,NK-ipVrFZf7o3drYzB3jPB6tu,Islamic Revolutionary Guard Corps (IRGC),Linked terrorist organization,,,sa_pcct_terrorism_list
sa-pcct-e982b795cfe0a85608630bfaaf24a8163041bfd4,UnknownLink,Q56253890,Ali Reza Tangsiri,NK-ipVrFZf7o3drYzB3jPB6tu,Islamic Revolutionary Guard Corps (IRGC),Linked terrorist organization,,,sa_pcct_terrorism_list
sa-pcct-e9b847504ee3ef1ce3fbaed0e8ae4d1517e40e77,UnknownLink,NK-m9deLWrfTFxHv3Xsg9iqFV,"AL-SALLABI, ISMAIL MOHAMMED MOHAMMED",NK-3podLWzo9udm7yDeN2Qu8g,THE MUSLIM BROTHERHOOD,Linked terrorist organization,,,sa_pcct_terrorism_list
sa-pcct-eb67927abca82dbf6b970348568f80fdf243ca37,UnknownLink,NK-biCGPDdQJzbuiywdUbZxFm,PERIDOT SHIPPING & TRADING LLC,NK-ipVrFZf7o3drYzB3jPB6tu,Islamic Revolutionary Guard Corps (IRGC),Linked terrorist organization,,,sa_pcct_terrorism_list
sa-pcct-f155adba27db66eeea7fdf9254ea3d411ea12523,UnknownLink,NK-d3EDp9jW6m6nP7dWxjETdo,AL ALAMIYAH EXPRESS COMPANY FOR EXCHANGE & REMITTANCE.,NK-ipVrFZf7o3drYzB3jPB6tu,Islamic Revolutionary Guard Corps (IRGC),Linked terrorist organization,,,sa_pcct_terrorism_list
sa-pcct-f41e5f78850e3e352d167001c7c4b82f190ca829,UnknownLink,NK-nuUyN5VYQfhE3iUj4Utrpv,Aurum Ship Management FZC,NK-ipVrFZf7o3drYzB3jPB6tu,Islamic Revolutionary Guard Corps (IRGC),Linked terrorist organization,,,sa_pcct_terrorism_list
sa-pcct-f871b30fb0c812d5926d7237abdd50bf8477f516,UnknownLink,NK-ipVrFZf7o3drYzB3jPB6tu,Islamic Revolutionary Guard Corps (IRGC),NK-ipVrFZf7o3drYzB3jPB6tu,Islamic Revolutionary Guard Corps (IRGC),Linked terrorist organization,,,sa_pcct_terrorism_list
sa-pcct-fa686727236733d34fbda429e1ff8c50e82b0dd0,UnknownLink,Q65195624,Esmail Qaani,NK-ipVrFZf7o3drYzB3jPB6tu,Islamic Revolutionary Guard Corps (IRGC),Linked terrorist organization,,,sa_pcct_terrorism_list
sa-pcct-fd8c5450d4dce3a252e5eb1f5dc04e0c6a661bdf,UnknownLink,Q2506226,Mohammad Hejazi,NK-ipVrFZf7o3drYzB3jPB6tu,Islamic Revolutionary Guard Corps (IRGC),Linked terrorist organization,,,sa_pcct_terrorism_list
sa-pcct-fed384cc42ad1d8c658d0f0fa8617dee875799e6,UnknownLink,NK-TyDcXQ2tXNCuADMfhjnwSj,Mehr Bank,NK-ipVrFZf7o3drYzB3jPB6tu,Islamic Revolutionary Guard Corps (IRGC),Linked terrorist organization,,,sa_pcct_terrorism_list
sa-pcct-ff7fc5796b254c128db865ce34383ab1bdf90a3c,UnknownLink,NK-NoUBNjMJBFxfyrV7Jp47oZ,Ali Ozma'i,NK-ipVrFZf7o3drYzB3jPB6tu,Islamic Revolutionary Guard Corps (IRGC),Linked terrorist organization,,,sa_pcct_terrorism_list
us-fincen-0ba509397e217f5b1cb58cc9c05e32e8fd962895,UnknownLink,NK-g9otNs5vgss4kvR62bJiW7,Islamic Republic of Iran,NK-ipVrFZf7o3drYzB3jPB6tu,Islamic Revolutionary Guard Corps (IRGC),,,,us_fincen_special_measures
us-fincen-3bb7cf8bc15796288fa7324966b410c41534f798,Ownership,NK-ipVrFZf7o3drYzB3jPB6tu,Islamic Revolutionary Guard Corps (IRGC),NK-erq4srWgDxJyq4SkyQa6by,Al-Huda Bank,control,,,us_fincen_special_measures
us-fincen-a97501b6c353bbb4878d5ca4a8f18af88b285e7a,Ownership,NK-AGB7JMjMcWy2wm99TBXcfv,Libyan Arab Foreign Bank,us-fincen-fc875ee0141d206259cad1178644150aa55f9b42,Infobank,,,,us_fincen_special_measures
us-fincen-ff2949c98ba07db14b62b155a8a70f563219b14c,UnknownLink,us-fincen-fc875ee0141d206259cad1178644150aa55f9b42,Infobank,NK-YWUBXpeFiTsiroWa7UqRUf,Central Bank of Libya,,,,us_fincen_special_measures
