source_id,producer,acronym,url,api_endpoint,category,data_domains,geographic_level,earliest_coverage,latest_coverage,languages,formats,machine_readable,access_model,update_frequency,access_status,verified_2026_09_12,licence,notes
OS-GDELT,GDELT Project,GDELT,https://www.gdeltproject.org,https://api.gdeltproject.org/api/v2/doc/doc,media_corpus,global news monitoring; article-level metadata; tone and theme coding; television and image indexes,national_and_subnational,2015,2026,multilingual_incl_ar,json_csv_bigquery,yes,open_rate_limited,15_minutes,live,api_200_rate_limited,check upstream terms,"Filter Libya with sourcecountry:LY or by language. The DOC API refuses more than one request every 5 seconds and says so in the response body rather than with a 429, so a naive loop silently collects error text. Bulk history is in BigQuery."
OS-HDX,OCHA Humanitarian Data Exchange,HDX,https://data.humdata.org,https://data.humdata.org/api/3/action/package_search,humanitarian,aggregator: administrative boundaries; population; displacement; health and education facilities; damage assessments; security incidents,national_and_subnational,1990,2026,en_ar,csv_xlsx_shp_geotiff_json,yes,open,continuous,live,228_libya_datasets,per_dataset,"CKAN API, fq=groups:lby. Top providers for Libya: World Bank 23, UNOSAT 22, HOT 12, OCHA ROMENA 11, Insecurity Insight 10, REACH 8, WorldPop 7. Already used in this repository for COD-AB boundaries. Licences vary per dataset and several are share-alike or non-commercial."
OS-UNOSAT,United Nations Satellite Centre,UNOSAT,https://unosat.org,https://data.humdata.org/organization/un-operational-satellite-appliations-programme-unosat,imagery_analysis,satellite damage assessment; flood extent; building damage; displacement site mapping,subnational_point,2011,2026,en,shp_geojson_pdf,yes,open_via_hdx,event_driven,live,22_libya_datasets_on_hdx,per_dataset,"Analyst-verified imagery products, so the interpretation is already done. Derna flood 2023 and successive conflict damage assessments are the largest Libya holdings. Reached through HDX rather than the UNOSAT site."
OS-UNHCR,UNHCR Refugee Data Finder,UNHCR,https://www.unhcr.org/refugee-statistics,https://api.unhcr.org/population/v1/population/,displacement,"refugees; asylum seekers; IDPs; returned refugees and IDPs; stateless persons, by origin and asylum country",national,1951,2025,en,json_csv,yes,open,annual,live,api_200_libya_series_returned,check upstream terms,"Open API, no key. Query coo=LBY for Libyans displaced and coa=LBY for people displaced into Libya. Returned 278,177 IDPs in Libya for 2020 in the probe."
OS-IOMDTM,IOM Displacement Tracking Matrix,DTM,https://dtm.iom.int,https://data.humdata.org/dataset/lby-iom-dtm-from-api,displacement,IDP and returnee baseline assessments by mahalla and baladiya; migrant stock and nationality; flow monitoring,subnational_locality,2016,2026,en_ar,xlsx_csv,yes,open_via_hdx,quarterly,live_api_path_unknown,dtm_api_404_hdx_mirror_200,check upstream terms,"The single best subnational source on Libya after the census, and it is keyed to the same baladiya and mahalla names this repository already harmonises. dtm.iom.int/api returned 403 and dtmapi.iom.int returned 404 on every path tried; reach it through the four HDX datasets instead."
OS-ACLED,Armed Conflict Location and Event Data,ACLED,https://acleddata.com,https://acleddata.com/api/acled/read,conflict_events,geocoded political violence and protest events; actors; fatalities; event type and sub-event type,subnational_point,1997,2026,en,json_csv,yes,registration_oauth,weekly,live_key_required,api_access_denied_oauth_endpoint_present,acled_terms_noncommercial,"The reference conflict event dataset for Libya. Unauthenticated reads now return {""message"":""Access denied""} and /oauth/token answers 405 to GET, so the free-key OAuth flow is mandatory. Actor names are the natural join to an armed-group roster."
OS-UCDP,Uppsala Conflict Data Program,UCDP,https://ucdp.uu.se,https://ucdpapi.pcr.uu.se/api/gedevents/25.1,conflict_events,georeferenced event dataset; battle deaths; one-sided and non-state violence,subnational_point,1989,2025,en,json_csv,yes,registration_token,annual_plus_candidate_monthly,live_key_required,api_token_required,check upstream terms,Libya is country 620. The API now answers 'API token required. Add header: x-ucdp-access-token'. Annual releases are also downloadable as flat files. Narrower than ACLED but with a longer and more conservative coding history.
OS-UNSC1970,UN Security Council Libya Sanctions Committee (1970),UNSC,https://main.un.org/securitycouncil/en/sanctions/1970,https://scsanctions.un.org/resources/xml/en/consolidated.xml,sanctions_entities,designated individuals and entities; Panel of Experts annual reports; asset freeze and travel ban records,national,2011,2026,en,xml_pdf,yes,open,event_driven,live,28_individuals_3_entities,un_terms,"The consolidated list is a single 2.1 MB XML; Libya designations carry reference numbers LYi.001 upward and LYe.001 upward. The Panel of Experts reports are the richer OSINT product: named procurement chains, oil smuggling networks and armed-group finances, published as PDFs on the committee page."
OS-OFAC,US Treasury Office of Foreign Assets Control,OFAC,https://ofac.treasury.gov,https://www.treasury.gov/ofac/downloads/sdn.csv,sanctions_entities,Specially Designated Nationals; blocked entities; sanctions programme tags,national,1994,2026,en,csv_xml,yes,open,event_driven,live,sdn_csv_5.7mb_200,us_gov_public_domain,"Filter on the LIBYA2 and LIBYA3 programme tags. Complements the UN list, since US designations are broader and sometimes earlier."
OS-OPENSANC,OpenSanctions,OpenSanctions,https://www.opensanctions.org,https://data.opensanctions.org/datasets/latest/,sanctions_entities,"merged sanctions lists; politically exposed persons; company and officer records, entity-resolved across sources",national,2000,2026,multilingual,json_csv,yes,open_bulk_key_for_api,daily,live,bulk_index_200_api_key_required,not_stated_in_index_check_upstream,"The PEPs collection holds 710,657 targets and ships as a 178 MB CSV or a 1.3 GB nested JSON; the sanctions collection holds 293,095 entities. The search API needs a key but the bulk files do not. This is the fastest route to a Libyan PEP roster, and it carries the UN and OFAC Libya designations already resolved."
OS-WIKIDATA,Wikidata,WD,https://www.wikidata.org,https://query.wikidata.org/sparql,reference_knowledge,officeholders and terms of office; institutions; settlements; administrative units; identifiers linking to other databases,national_and_subnational,2012,2026,multilingual_incl_ar,json_rdf,yes,open,continuous,live,151_libyan_officeholders_135_dated,cc0,"SPARQL returns 151 people holding a position applicable to Libya, 135 of those statements carrying a start date. Small and uneven, but CC0 and already linked to VIAF and national identifiers, so it is a seed and a reconciliation target rather than a source of record."
OS-IODA,"Internet Outage Detection and Analysis, Georgia Tech",IODA,https://ioda.inetintel.cc.gatech.edu,https://api.ioda.inetintel.cc.gatech.edu/v2/,network_measurement,"country and ASN level internet connectivity; outage alerts from BGP, active probing and darknet telescope",national_and_asn,2016,2026,en,json,yes,open,near_real_time,live,api_200_ly_alerts_returned,check upstream terms,Shutdowns and connectivity collapses are a direct observable of conflict and of state behaviour. Query entityType=country&entityCode=LY.
OS-OONI,Open Observatory of Network Interference,OONI,https://ooni.org,https://api.ooni.io/api/v1/measurements,network_measurement,censorship measurements; blocked websites and apps; per-network test results from volunteer probes,national_and_asn,2012,2026,en,json,yes,open,continuous,live,api_200_probe_cc_ly,cc_by_check_upstream,"Measures which sites are blocked on which Libyan networks. Volunteer-collected, so coverage is thin and irregular; treat absence as absence of measurement."
OS-OPENSKY,OpenSky Network,OpenSky,https://opensky-network.org,https://opensky-network.org/api/states/all,transport_tracking,ADS-B aircraft state vectors; historical flight tracks,point,2013,2026,en,json,yes,open_anonymous_rate_limited,real_time,live,6_aircraft_over_libya_bbox,check upstream terms,Anonymous access works with a bounding box and returns live state vectors; historical queries need a free account. Coverage over Libya depends on volunteer receivers and is sparse inland.
OS-ADSBX,ADS-B Exchange,ADSBX,https://globe.adsbexchange.com,https://rapidapi.com/adsbx/api/adsbexchange-com1,transport_tracking,unfiltered ADS-B including military and state aircraft,point,2016,2026,en,json,yes,paid_api_free_map,real_time,live,map_200_api_paid,commercial,"The unfiltered feed is what makes it useful for Libya: aircraft other trackers suppress are visible. The map is free, the API is commercial."
OS-OVERPASS,OpenStreetMap Overpass API,Overpass,https://overpass-api.de,https://overpass-api.de/api/interpreter,geospatial,arbitrary OSM feature queries; settlements; roads; facilities; administrative relations,subnational_point,2004,2026,multilingual_incl_ar,json_xml,yes,open_rate_limited,continuous,live,status_endpoint_200,odbl_share_alike,"ODbL, so anything derived from it carries share-alike terms; this repository already isolates OSM output under data/external/. Reachable, though count queries timed out at the sizes tried."
OS-RELIEFWEB,"ReliefWeb, OCHA",ReliefWeb,https://reliefweb.int,https://api.reliefweb.int/v1/reports,humanitarian,"situation reports; assessments; press releases; job and training postings, tagged by country, theme and organisation",national,1996,2026,en_ar_fr,json,yes,registration_appname,continuous,live_key_required,403_unapproved_appname,check upstream terms,"A full-text corpus of humanitarian reporting on Libya going back to 1996, free once an appname is registered. The v2 endpoint rejects unregistered appnames and v1 returned 410 on the call tried."
OS-AIRWARS,Airwars,Airwars,https://airwars.org,https://airwars.org/conflict/libya/,conflict_events,civilian harm allegations from airstrikes and shelling; per-incident sourcing and casualty estimates,subnational_point,2012,2026,en_ar,html_csv,partial,open_scrape,event_driven,live,site_200,cc_by_nc_check_upstream,"Incident-level records with explicit source chains and confidence grading, covering the 2011 intervention and later strikes. Published as structured pages rather than an API."
OS-BELLINGCAT,Bellingcat,Bellingcat,https://www.bellingcat.com,https://www.bellingcat.com/tag/libya/,monitoring_ngo,open-source investigations; geolocated imagery; equipment and actor identification,subnational_point,2014,2026,en,html,no,open_scrape,irregular,live,site_200,cc_by_nc_check_upstream,Method and case material rather than a dataset. Their Libya work on mercenary deployments and strike attribution is the closest thing to documented geolocation practice for the country.
OS-UNSMIL,UN Support Mission in Libya,UNSMIL,https://unsmil.unmissions.org,https://unsmil.unmissions.org/news,monitoring_ngo,mission statements; ceasefire and political process documents; human rights reporting with OHCHR,national,2011,2026,en_ar,html_pdf,no,open_scrape,continuous,live,site_200,un_terms,"Primary record of the internationally mediated political process, and the naming authority for many of the bodies an officials dataset would need."
OS-LIBYAHERALD,Libya Herald,,https://libyaherald.com,https://libyaherald.com/feed/,news_corpus,"English-language Libyan business, energy and political reporting",national,2012,2026,en,rss_html,partial,open_scrape,daily,live,rss_200,copyright_all_rights_reserved,RSS works; no sitemap index at the standard path. The longest-running English outlet on Libya and the most consistent on oil and banking.
OS-LIBYAOBSERVER,Libya Observer,,https://libyaobserver.ly,,news_corpus,"English and Arabic Libyan political reporting, Tripoli-aligned editorial line",national,2014,2026,en_ar,html,no,open_scrape,daily,live,site_200_no_feed_or_sitemap,copyright_all_rights_reserved,"No RSS or sitemap at the standard paths, so enumeration needs link crawling. Pair with an eastern-aligned outlet to avoid a one-sided corpus."
OS-LIBYAUPDATE,Libya Update,,https://libyaupdate.com,https://libyaupdate.com/wp-json/wp/v2/posts,news_corpus,English-language Libyan news,national,2019,2026,en,json_rss_html,yes,open,daily,live,wp_rest_6160_posts,copyright_all_rights_reserved,"WordPress REST API open, 6,160 posts, the same enumeration pattern already used for HNEC and parliament.ly. The cheapest full-text Libyan news corpus to build."
OS-ALWASAT,Alwasat,,https://alwasat.ly,,news_corpus,"Arabic Libyan news, independent editorial line",national,2011,2026,ar,html,no,open_scrape,daily,live_scraper_blocked,403_from_datacenter_ip,copyright_all_rights_reserved,"Returns 403 to this address, the same pattern as the seven Libyan hosts recorded in access_notes.md. Loads normally from an ordinary connection."
OS-JODI,Joint Organisations Data Initiative,JODI,https://www.jodidata.org,https://www.jodidata.org/oil/database/,energy,"monthly oil production, refining, stocks, imports and exports as reported by member countries",national,2002,2026,en,csv,yes,open,monthly,live,site_200,check upstream terms,"Self-reported, and Libyan submissions are incomplete across the conflict years, which is itself informative. Cross-check against OPEC secondary sources and tanker tracking."
OS-FIRMS,NASA FIRMS,FIRMS,https://firms.modaps.eosdis.nasa.gov,https://firms.modaps.eosdis.nasa.gov/api/country/csv/,imagery_analysis,VIIRS and MODIS active fire and thermal anomaly detections,subnational_point,2000,2026,en,csv_geojson,yes,registration_free_key,near_real_time,live_key_required,demo_key_rejected,nasa_open_data,"Thermal anomalies over Libyan oil infrastructure are a flaring and throughput proxy at daily resolution, and a conflict indicator elsewhere. Country code LBY. Needs a free MAP_KEY; DEMO_KEY is rejected."
OS-ALEPH,OCCRP Aleph,Aleph,https://aleph.occrp.org,https://aleph.occrp.org/api/2/,corporate_records,leaked and scraped document collections; company registries; entity search across investigations,multinational,1990,2026,multilingual_incl_ar,json,yes,registration_key,irregular,live_key_required,401_without_key,per_collection,Holds several Libya-relevant collections including procurement and offshore material. Access tiers differ per collection and some need journalist credentials.
OS-OPENCORP,OpenCorporates,,https://opencorporates.com,https://api.opencorporates.com/v0.4/,corporate_records,company registrations and officers across jurisdictions,multinational,2010,2026,en,json,yes,registration_key,continuous,live_key_required,401_without_key,cc_by_sa_for_some_data,"Libya has no open company register, so coverage of Libyan-domiciled firms is close to nil. Useful in the other direction: foreign firms with Libyan contracts, which joins to the CBL letter-of-credit beneficiary data already in this repository."
OS-GFW,Global Fishing Watch,GFW,https://globalfishingwatch.org,https://gateway.api.globalfishingwatch.org/v3/,transport_tracking,AIS vessel tracks; port visits; loitering and encounter events,point,2012,2026,en,json,yes,registration_free_token,daily,live_key_required,401_without_token,cc_by_nc_check_upstream,"AIS is the open route to Libyan oil export and smuggling monitoring: tanker port calls at Es Sider, Ras Lanuf, Zawiya and Brega, and ship-to-ship transfers offshore. Commercial trackers cover this better but cost money."
OS-CFRADAR,Cloudflare Radar,,https://radar.cloudflare.com/ly,https://api.cloudflare.com/client/v4/radar/,network_measurement,traffic volume by country and ASN; outage annotations; protocol and device mix,national_and_asn,2020,2026,en,json,yes,registration_free_token,near_real_time,live_key_required,403_without_token,check upstream terms,"A second, independent read on Libyan connectivity alongside IODA, useful because the two disagree on some events."
OS-EIA,US Energy Information Administration,EIA,https://www.eia.gov,https://api.eia.gov/v2/,energy,"international petroleum production, consumption, trade and reserves",national,1973,2026,en,json_csv,yes,registration_free_key,monthly,live_key_required,403_without_key,us_gov_public_domain,"Independent estimates of Libyan crude production, which is the series NOC and OPEC report differently."
OS-LCW,Libyan Crimes Watch,LCW,https://libyancrimeswatch.org,,monitoring_ngo,"documentation of enforced disappearance, detention and killings",subnational,2019,2024,ar_en,html,no,none,irregular,offline_domain_repurposed,fingerprintjs_redirect_page,,"The domain now serves a FingerprintJS script that redirects with a tracking UUID, not the organisation's site. Treat anything collected from it after this date as untrusted and source their documentation from mirrors or from their social accounts instead."
